code,meigara,kana,kuramoto,ken,shi,address
1235,京極,きょうごく,二世古酒造,北海道,虻田郡,北海道虻田郡倶知安町旭47
1234,二世古,にせこ,二世古酒造,北海道,虻田郡,北海道虻田郡倶知安町旭47
1447,雪の花,ゆきのはな,雪の花酒造,北海道,小樽市,北海道小樽市
1446,小樽港,おたるこう,雪の花酒造,北海道,小樽市,北海道小樽市
2882,飲ん米,のんべぇい,田中酒造,北海道,小樽市,北海道小樽市色内3-2-5
2979,美苫,びせん,田中酒造,北海道,小樽市,北海道小樽市色内3-2-5
3193,カムイトノト,かむいとのと,田中酒造,北海道,小樽市,北海道小樽市色内3-2-5
1236,宝川,たからがわ,田中酒造,北海道,小樽市,北海道小樽市色内3-2-5
3198,十勝晴れ,とかちばれ,田中酒造,北海道,小樽市,北海道小樽市色内3-2-5
3194,亀甲蔵,きっこうぐら,田中酒造,北海道,小樽市,北海道小樽市色内3-2-5
2881,鬼丸,おにまる,田中酒造,北海道,小樽市,北海道小樽市色内3-2-5
1448,北宝,,山二わたなべ,北海道,小樽市,北海道小樽市
1710,小樽の女,おたるのひと,山二わたなべ,北海道,小樽市,北海道小樽市
1709,雪中花,せっちゅうか,山二わたなべ,北海道,小樽市,北海道小樽市
1449,熊古露里,くまころり,山二わたなべ,北海道,小樽市,北海道小樽市
3235,北世界,きたせかい,日本清酒,北海道,札幌市中央区,北海道札幌市中央区南三条東5-2
3815,すすきの美人,すすきのびじん,日本清酒,北海道,札幌市中央区,北海道札幌市中央区南三条東5-2
2904,十一州,じゅういっしゅう,日本清酒,北海道,札幌市中央区,北海道札幌市中央区南三条東5-2
5,千歳鶴,ちとせつる,日本清酒,北海道,札幌市中央区,北海道札幌市中央区南三条東5-2
2759,與次右衛門,よじうえもん,日本清酒,北海道,札幌市中央区,北海道札幌市中央区南三条東5-2
2758,柴田,しばた,日本清酒,北海道,札幌市中央区,北海道札幌市中央区南三条東5-2
1891,北斗随想,ほくとずいそう,小林酒造,北海道,夕張郡,北海道夕張郡栗山町錦3-109
3820,まる田,まるた,小林酒造,北海道,夕張郡,北海道夕張郡栗山町錦3-109
1892,冬花火,ふゆはなび,小林酒造,北海道,夕張郡,北海道夕張郡栗山町錦3-109
6,北の錦,きたのにしき,小林酒造,北海道,夕張郡,北海道夕張郡栗山町錦3-109
2804,気まぐれ,きまぐれ,高砂酒造,北海道,旭川市,北海道旭川市宮下通17
3196,北吹雪,きたふぶき,高砂酒造,北海道,旭川市,北海道旭川市宮下通17
150,雪氷室 一夜雫,ゆきひむろ いちやしずく,高砂酒造,北海道,旭川市,北海道旭川市宮下通17
3195,ゆきわらべ,ゆきわらべ,高砂酒造,北海道,旭川市,北海道旭川市宮下通17
3,国士無双,こくしむそう,高砂酒造,北海道,旭川市,北海道旭川市宮下通17
2693,大雪,たいせつ,高砂酒造,北海道,旭川市,北海道旭川市宮下通17
2,金滴,きんてき,金滴酒造,北海道,樺戸郡,北海道樺戸郡新十津川町中央71-7
9,国稀,,国稀酒造,北海道,増毛郡,北海道増毛郡増毛町稲葉町1-17
3823,上川大雪,かみかわたいせつ,上川大雪酒造,北海道,上川郡,北海道上川郡上川町旭町25番地1http://kamikawa-taisetsu.co.jp/
8,大雪乃蔵,たいせつのくら,合同酒精 旭川工場,北海道,旭川市,北海道旭川工場〒078-8334 北海道
4,北の誉,きたのほまれ,合同酒精 旭川工場,北海道,旭川市,北海道旭川工場〒078-8334 北海道
3661,侍,さむらい,合同酒精 旭川工場,北海道,旭川市,北海道旭川工場〒078-8334 北海道
7,男山,おとこやま,男山,北海道,旭川市,北海道旭川市永山2条7丁目
1237,福司,ふくつかさ,福司酒造,北海道,釧路市,北海道釧路市住吉2-13-23
1452,北の勝,きたのかつ,碓氷勝三郎商店,北海道,根室市,北海道根室市常盤町1-6
1451,北見寒菊,きたみかんぎく,山田酒造,北海道,北見市,北海道北見市山下町2-1-5
1450,栄光摩周,えいこうましゅう,山田酒造,北海道,北見市,北海道北見市山下町2-1-5
3013,Future4,,Future4,青森県,,
22,南部蔵 富貴,なんぶぐら ふうき,合同酒精 八戸工場,青森県,八戸市,青森県八戸工場〒031-0072 青森県
1614,蔵物語,くらものがたり,八戸酒類 八鶴工場,青森県,八戸市,青森県八鶴工場〒031-0086 青森県
21,八鶴,はちつる,八戸酒類 八鶴工場,青森県,八戸市,青森県八鶴工場〒031-0086 青森県
3793,十魂,じゅっこん,八戸酒類 八鶴工場,青森県,八戸市,青森県八鶴工場〒031-0086 青森県
3331,三戸のどんべり,さんのへのどんべり,八戸酒類 八鶴工場,青森県,八戸市,青森県八鶴工場〒031-0086 青森県
163,陸奥田心,むつでんしん,八戸酒造,青森県,八戸市,青森県八戸市湊町本町9
3747,がんじゃ自然酒倶楽部,がんじゃしぜんしゅくらぶ,八戸酒造,青森県,八戸市,青森県八戸市湊町本町9
24,陸奥八仙,むつはっせん,八戸酒造,青森県,八戸市,青森県八戸市湊町本町9
3664,裏 陸奥八仙,うら むつはっせん,八戸酒造,青森県,八戸市,青森県八戸市湊町本町9
161,陸奥男山,むつおとこやま,八戸酒造,青森県,八戸市,青森県八戸市湊町本町9
164,陸奥山海,むつさんかい,八戸酒造,青森県,八戸市,青森県八戸市湊町本町9
3404,稲生,いなおい,鳩正宗,青森県,十和田市,青森県十和田市大字三本木字稲吉176-2
158,八甲田おろし,はっこうだおろし,鳩正宗,青森県,十和田市,青森県十和田市大字三本木字稲吉176-2
3577,蒼川,そうせん,鳩正宗,青森県,十和田市,青森県十和田市大字三本木字稲吉176-2
3366,佐藤企,さとうたくみ,鳩正宗,青森県,十和田市,青森県十和田市大字三本木字稲吉176-2
3756,武士道,ぶしどう,鳩正宗,青森県,十和田市,青森県十和田市大字三本木字稲吉176-2
20,鳩正宗,はとまさむね,鳩正宗,青森県,十和田市,青森県十和田市大字三本木字稲吉176-2
1396,関乃井,せきのい,関乃井酒造,青森県,むつ市,青森県むつ市柳町1-5-15
1397,北勇,きたいさみ,関乃井酒造,青森県,むつ市,青森県むつ市柳町1-5-15
2328,津軽娘,つがるむすめ,中村亀吉,青森県,黒石市,青森県黒石市中町12
1664,玉垂,たまだれ,中村亀吉,青森県,黒石市,青森県黒石市中町12
1665,亀吉,かめきち,中村亀吉,青森県,黒石市,青森県黒石市中町12
3784,賜,たまもの,鳴海醸造店,青森県,黒石市,青森県黒石市大字中町1-1
19,菊乃井,きくのい,鳴海醸造店,青森県,黒石市,青森県黒石市大字中町1-1
3576,稲村屋,いなむらや,鳴海醸造店,青森県,黒石市,青森県黒石市大字中町1-1
1267,鬼笑,おにわらい,佐藤酒造,青森県,黒石市,青森県黒石市
1266,初駒,はつこま,佐藤酒造,青森県,黒石市,青森県黒石市
151,卍,まんじ,佐藤酒造店,青森県,弘前市,青森県弘前市鳥井野字宮本31-1
10,掬水,きくすい,佐藤酒造店,青森県,弘前市,青森県弘前市鳥井野字宮本31-1
2067,津軽衆,つがるしゅう,丸竹酒造店,青森県,弘前市,青森県弘前市大字国吉字坂本49
14,白神ロマンの宴,しらかみろまんのうたげ,丸竹酒造店,青森県,弘前市,青森県弘前市大字国吉字坂本49
155,大輪菊盛,だいりんきくもり,丸竹酒造店,青森県,弘前市,青森県弘前市大字国吉字坂本49
2852,西澤,にしざわ,白神酒造,青森県,弘前市,青森県弘前市米ヶ袋村元22
2332,白神,しらかみ,白神酒造,青森県,弘前市,青森県弘前市米ヶ袋村元22
2331,吉野桜,よしのざくら,吉井酒造,青森県,弘前市,青森県弘前市駅前1-6-6
154,津軽海峡,つがるかいきょう,六花酒造,青森県,弘前市,青森県弘前市向外瀬豊田217
3570,蔵子,くらこ,六花酒造,青森県,弘前市,青森県弘前市向外瀬豊田217
13,じょっぱり,じょっぱり,六花酒造,青森県,弘前市,青森県弘前市向外瀬豊田217
2757,龍飛,たっぴ,六花酒造,青森県,弘前市,青森県弘前市向外瀬豊田217
3569,荒馬,あらま,六花酒造,青森県,弘前市,青森県弘前市向外瀬豊田217
3902,弘前城,ひろさきじょう,弘前銘醸,青森県,弘前市,青森県弘前市富田3丁目7-1
3904,羽衣,はごろも,弘前銘醸,青森県,弘前市,青森県弘前市富田3丁目7-1
3903,遊天,ゆうてん,弘前銘醸,青森県,弘前市,青森県弘前市富田3丁目7-1
2329,津軽じょんがら,つがるじょんがら,カネタ玉田酒造店,青森県,弘前市,青森県弘前市茂森町81
3564,斬,ざん,カネタ玉田酒造店,青森県,弘前市,青森県弘前市茂森町81
3565,玉川,たまかわ,カネタ玉田酒造店,青森県,弘前市,青森県弘前市茂森町81
3567,津軽蔵人,つがるくろうど,カネタ玉田酒造店,青森県,弘前市,青森県弘前市茂森町81
3566,蟹田,かにた,カネタ玉田酒造店,青森県,弘前市,青森県弘前市茂森町81
2330,華一風,はないっぷう,カネタ玉田酒造店,青森県,弘前市,青森県弘前市茂森町81
1098,豊盃,ほうはい,三浦酒造,青森県,弘前市,青森県弘前市石渡5-1-1
2951,刑事,でか,齋藤酒造店,青森県,弘前市,青森県弘前市駒越町58
2761,六根,ろっこん,齋藤酒造店,青森県,弘前市,青森県弘前市駒越町58
12,松緑,まつみどり,齋藤酒造店,青森県,弘前市,青森県弘前市駒越町58
153,北のまほろば,きたのまほろば,齋藤酒造店,青森県,弘前市,青森県弘前市駒越町58
17,明ケ烏,あけがらす,長内酒造店,青森県,つがる市,青森県つがる市
1538,外ヶ濱,そとがはま,西田酒造店,青森県,青森市,青森県青森市大字油川字大浜46
11,田酒,でんしゅ,西田酒造店,青森県,青森市,青森県青森市大字油川字大浜46
3533,善知鳥,うとう,西田酒造店,青森県,青森市,青森県青森市大字油川字大浜46
152,喜久泉,きくいずみ,西田酒造店,青森県,青森市,青森県青森市大字油川字大浜46
156,白神のしずく,しらかみのしずく,尾崎酒造,青森県,西津軽郡,青森県西津軽郡鰺ヶ沢町漁師町30
16,安東水軍,あんどうすいぐん,尾崎酒造,青森県,西津軽郡,青森県西津軽郡鰺ヶ沢町漁師町30
2929,鯵ヶ澤,あじがさわ,尾崎酒造,青森県,西津軽郡,青森県西津軽郡鰺ヶ沢町漁師町30
3751,ブナの白神,ぶなのしらかみ,尾崎酒造,青森県,西津軽郡,青森県西津軽郡鰺ヶ沢町漁師町30
3748,白神の金鮎,しらかみのきんあゆ,尾崎酒造,青森県,西津軽郡,青森県西津軽郡鰺ヶ沢町漁師町30
3752,白神山地の橅,しらかみさんちのぶな,尾崎酒造,青森県,西津軽郡,青森県西津軽郡鰺ヶ沢町漁師町30
3750,神の座,かみのざ,尾崎酒造,青森県,西津軽郡,青森県西津軽郡鰺ヶ沢町漁師町30
3749,岩木川,いわきがわ,尾崎酒造,青森県,西津軽郡,青森県西津軽郡鰺ヶ沢町漁師町30
3568,白神山地の湧き水で仕込んだお酒,しらかみさんちのわきみずでしこんだおさけ,尾崎酒造,青森県,西津軽郡,青森県西津軽郡鰺ヶ沢町漁師町30
15,岩木正宗,いわきまさむね,竹浪酒造店,青森県,北津軽郡,青森県北津軽郡板柳町板柳字土井113-1
3538,七郎兵衛,しちろべえ,竹浪酒造店,青森県,北津軽郡,青森県北津軽郡板柳町板柳字土井113-1
160,稲川,いながわ,八戸酒類 第二工場,青森県,三戸郡,青森県第二工場〒039-1202 青森県
162,菊駒,きくこま,八戸酒類 五戸工場,青森県,三戸郡,青森県五戸工場〒039-1554 青森県
1419,如空,じょくう,八戸酒類 五戸工場,青森県,三戸郡,青森県五戸工場〒039-1554 青森県
3563,五戸のどんべり,ごのへのどんべり,八戸酒類 五戸工場,青森県,三戸郡,青森県五戸工場〒039-1554 青森県
1557,酔,すい,八戸酒類 五戸工場,青森県,三戸郡,青森県五戸工場〒039-1554 青森県
1556,十,とお,八戸酒類 五戸工場,青森県,三戸郡,青森県五戸工場〒039-1554 青森県
1418,五醸,ごじょう,八戸酒類 五戸工場,青森県,三戸郡,青森県五戸工場〒039-1554 青森県
1555,菊駒,きくこま,菊駒酒造,青森県,三戸郡,青森県三戸郡五戸町字川原町12
3754,斗南の桜,となみのさくら,桃川,青森県,上北郡,青森県上北郡おいらせ町上明堂112
3755,隼風,はやかぜ,桃川,青森県,上北郡,青森県上北郡おいらせ町上明堂112
157,杉玉,すぎだま,桃川,青森県,上北郡,青森県上北郡おいらせ町上明堂112
159,ねぶた,ねぶた,桃川,青森県,上北郡,青森県上北郡おいらせ町上明堂112
18,桃川,ももかわ,桃川,青森県,上北郡,青森県上北郡おいらせ町上明堂112
3562,一の馬,いちのうま,盛田庄兵衛,青森県,上北郡,青森県上北郡七戸町字七戸230
3561,七力,しちりき,盛田庄兵衛,青森県,上北郡,青森県上北郡七戸町字七戸230
3753,十和田美人,とわだびじん,盛田庄兵衛,青森県,上北郡,青森県上北郡七戸町字七戸230
3578,作田,さくた,盛田庄兵衛,青森県,上北郡,青森県上北郡七戸町字七戸230
23,駒泉,こまいずみ,盛田庄兵衛,青森県,上北郡,青森県上北郡七戸町字七戸230
3115,北国の恋人,きたぐにのこいびと,桜顔酒造,岩手県,盛岡市,岩手県盛岡市川目町23-18
25,桜顔,さくらがお,桜顔酒造,岩手県,盛岡市,岩手県盛岡市川目町23-18
165,大地の一献,だいちのいっこん,桜顔酒造,岩手県,盛岡市,岩手県盛岡市川目町23-18
3114,姫のかくし酒,ひめのかくしざけ,桜顔酒造,岩手県,盛岡市,岩手県盛岡市川目町23-18
3116,もりおか SAKE すぱぁくりんぐ,もりおか さけ すぱぁくりんぐ,桜顔酒造,岩手県,盛岡市,岩手県盛岡市川目町23-18
27,あさ開,あさびらき,あさ開,岩手県,盛岡市,岩手県盛岡市大慈寺町10-34
1376,浜娘,はまむすめ,赤武酒造,岩手県,盛岡市,岩手県盛岡市北飯岡1-8-60
3810,海龍,かいりゅう,赤武酒造,岩手県,盛岡市,岩手県盛岡市北飯岡1-8-60
2835,赤武,あかぶ,赤武酒造,岩手県,盛岡市,岩手県盛岡市北飯岡1-8-60
28,岩手川,いわてがわ,岩手川,岩手県,盛岡市,岩手県盛岡市
26,菊の司,きくのつかさ,菊の司酒造,岩手県,盛岡市,岩手県盛岡市紺屋町4-20
3259,平井六右衛門,ひらいろくえもん,菊の司酒造,岩手県,盛岡市,岩手県盛岡市紺屋町4-20
167,七福神,しちふくじん,菊の司酒造,岩手県,盛岡市,岩手県盛岡市紺屋町4-20
166,にごり酒杜の白菊,にごりざけもりのしらぎく,菊の司酒造,岩手県,盛岡市,岩手県盛岡市紺屋町4-20
3165,奥州のおっほー,おうしゅうおっほー,両磐酒造,岩手県,一関市,岩手県一関市末広1-8-23
33,関山,かんざん,両磐酒造,岩手県,一関市,岩手県一関市末広1-8-23
1374,世嬉の一,せきのいち,世嬉の一酒造,岩手県,一関市,岩手県一関市田村町5-42
1814,雪っこ,ゆきっこ,酔仙酒造,岩手県,大船渡市,岩手県大船渡市猪川町久名110-1
170,岩手の地酒,いわてのじざけ,酔仙酒造,岩手県,大船渡市,岩手県大船渡市猪川町久名110-1
36,酔仙,すいせん,酔仙酒造,岩手県,大船渡市,岩手県大船渡市猪川町久名110-1
1372,蒼天,そうてん,天瓢,岩手県,奥州市,岩手県奥州市水沢区立町13
1161,喜久盛,きくざかり,喜久盛酒造,岩手県,北上市,岩手県北上市更木3-54
2474,リゾビーノ,りぞびーの,喜久盛酒造,岩手県,北上市,岩手県北上市更木3-54
3077,電氣菩薩,でんきぼさつ,喜久盛酒造,岩手県,北上市,岩手県北上市更木3-54
3078,シャムロック,しゃむろっく,喜久盛酒造,岩手県,北上市,岩手県北上市更木3-54
2473,鬼剣舞,おにけんばい,喜久盛酒造,岩手県,北上市,岩手県北上市更木3-54
2803,タクシードライバー,たくしーどらいばー,喜久盛酒造,岩手県,北上市,岩手県北上市更木3-54
1608,風の又三郎,かぜのまたさぶろう,白雲,岩手県,花巻市,岩手県花巻市
1607,白雲,はくうん,白雲,岩手県,花巻市,岩手県花巻市
169,仙人郷,せんにんきょう,浜千鳥,岩手県,釜石市,岩手県釜石市小川町3-8-7
32,浜千鳥,はまちどり,浜千鳥,岩手県,釜石市,岩手県釜石市小川町3-8-7
1375,千両男山,せんりょうおとこやま,菱屋酒造店,岩手県,宮古市,岩手県宮古市鍬ヶ崎下町5-24
35,龍泉八重桜,りゅうせんやえざくら,泉金酒造,岩手県,下閉伊郡,岩手県下閉伊郡岩泉町岩泉太田30
3809,たえの酒,たえのさけ,上閉伊酒造,岩手県,遠野市,岩手県遠野市青笹町糠前31-19-7
1354,国華の薫,こっかのかおり,上閉伊酒造,岩手県,遠野市,岩手県遠野市青笹町糠前31-19-7
1355,遠野河童の盗み酒,とうのかっぱのぬすみざけ,上閉伊酒造,岩手県,遠野市,岩手県遠野市青笹町糠前31-19-7
1268,南部関,なんぶぜき,川村酒造店,岩手県,花巻市,岩手県花巻市石鳥谷町好地12-132
1269,酔右衛門,よえもん,川村酒造店,岩手県,花巻市,岩手県花巻市石鳥谷町好地12-132
3065,若狭屋徳市,わかさやとくいち,月の輪酒造店,岩手県,紫波郡,岩手県紫波郡紫波町高水寺向畑101
31,月の輪,つきのわ,月の輪酒造店,岩手県,紫波郡,岩手県紫波郡紫波町高水寺向畑101
168,宵の月,よいのつき,月の輪酒造店,岩手県,紫波郡,岩手県紫波郡紫波町高水寺向畑101
1187,廣喜,ひろき,廣田酒造店,岩手県,紫波郡,岩手県紫波郡紫波町宮手泉屋敷2-4
2834,関泉,せきいずみ,廣田酒造店,岩手県,紫波郡,岩手県紫波郡紫波町宮手泉屋敷2-4
1188,荒蝦夷,あらえびす,廣田酒造店,岩手県,紫波郡,岩手県紫波郡紫波町宮手泉屋敷2-4
2833,喜平治,きへいじ,廣田酒造店,岩手県,紫波郡,岩手県紫波郡紫波町宮手泉屋敷2-4
1415,堀の井,ほりのい,高橋酒造店,岩手県,紫波郡,岩手県紫波郡紫波町片寄堀米36
2751,堀米,ほりごめ,高橋酒造店,岩手県,紫波郡,岩手県紫波郡紫波町片寄堀米36
2750,紫波の匠,しわのたくみ,高橋酒造店,岩手県,紫波郡,岩手県紫波郡紫波町片寄堀米36
3268,我が家の春,わがやのはる,吾妻嶺酒造店,岩手県,紫波郡,岩手県紫波郡紫波町土舘内川5
3265,あづまみね,あづまみね,吾妻嶺酒造店,岩手県,紫波郡,岩手県紫波郡紫波町土舘内川5
3267,鸛,こうのとり,吾妻嶺酒造店,岩手県,紫波郡,岩手県紫波郡紫波町土舘内川5
3266,悠楽,ゆうらく,吾妻嶺酒造店,岩手県,紫波郡,岩手県紫波郡紫波町土舘内川5
30,吾妻嶺,あづまみね,吾妻嶺酒造店,岩手県,紫波郡,岩手県紫波郡紫波町土舘内川5
37,南部美人,なんぶびじん,南部美人,岩手県,二戸市,岩手県二戸市福岡上町13
3534,芳梅,ほうばい,南部美人,岩手県,二戸市,岩手県二戸市福岡上町13
29,鷲の尾,わしのお,わしの尾,岩手県,八幡平市,岩手県八幡平市大更第22地割158
38,銀嶺すずらん,ぎんれいすずらん,鈴蘭酒造,岩手県,久慈市,岩手県久慈市
171,北リアスからの風,きたりあすからのかぜ,鈴蘭酒造,岩手県,久慈市,岩手県久慈市
3473,鐵の道,てつのみち,福来,岩手県,久慈市,岩手県久慈市宇部町5-31
3474,涼霞,すずかすみ,福来,岩手県,久慈市,岩手県久慈市宇部町5-31
3475,久慈川,くじがわ,福来,岩手県,久慈市,岩手県久慈市宇部町5-31
39,福来,ふくらい,福来,岩手県,久慈市,岩手県久慈市宇部町5-31
172,白樺凛,しらかばりん,福来,岩手県,久慈市,岩手県久慈市宇部町5-31
3472,北限の海女,ほくげんのあま,福来,岩手県,久慈市,岩手県久慈市宇部町5-31
34,磐乃井,いわのい,磐乃井酒造,岩手県,一関市,岩手県一関市花泉町涌津舘72
3451,玄会,くろえ,磐乃井酒造,岩手県,一関市,岩手県一関市花泉町涌津舘72
3623,磐,ばん,磐乃井酒造,岩手県,一関市,岩手県一関市花泉町涌津舘72
3559,こでられね,こでられね,磐乃井酒造,岩手県,一関市,岩手県一関市花泉町涌津舘72
3622,百磐,ひゃくばん,磐乃井酒造,岩手県,一関市,岩手県一関市花泉町涌津舘72
3382,玉の春,たまのはる,岩手銘醸,岩手県,奥州市前沢区,岩手県奥州市前沢区新町13
1371,天瓢,てんぴょう,岩手銘醸,岩手県,奥州市前沢区,岩手県奥州市前沢区新町13
1364,岩手誉,いわてほまれ,岩手銘醸,岩手県,奥州市前沢区,岩手県奥州市前沢区新町13
1373,阿弖流爲,あてるい,岩手銘醸,岩手県,奥州市前沢区,岩手県奥州市前沢区新町13
3249,地主町,じしゅうまち,岩手銘醸,岩手県,奥州市前沢区,岩手県奥州市前沢区新町13
2756,Shangri-la 2013,しゃんぐりら,NEXT FIVE,秋田県,,
1824,THE BEGINNING 2010,ざ・びぎにんぐ,NEXT FIVE,秋田県,,
1822,EMOTION 2011,えもーしょん,NEXT FIVE,秋田県,,
1987,ECHO 2012,えこー,NEXT FIVE,秋田県,,
1823,PASSION 2011,ぱっしょん,NEXT FIVE,秋田県,,
52,竿灯,かんとう,秋田醸造,秋田県,秋田市,秋田県秋田市楢山登町5-2
1820,ゆきの美人,ゆきのびじん,秋田醸造,秋田県,秋田市,秋田県秋田市楢山登町5-2
3776,究,きわむ,新政酒造,秋田県,秋田市,秋田県秋田市大町6-2-35
1092,厚徳,こうとく,新政酒造,秋田県,秋田市,秋田県秋田市大町6-2-35
2782,No.6,なんばーしっくす,新政酒造,秋田県,秋田市,秋田県秋田市大町6-2-35
2781,秘醸酒,ひじょうしゅ,新政酒造,秋田県,秋田市,秋田県秋田市大町6-2-35
2780,カラーズ,からーず,新政酒造,秋田県,秋田市,秋田県秋田市大町6-2-35
2976,雄和,ゆうわ,新政酒造,秋田県,秋田市,秋田県秋田市大町6-2-35
55,新政,あらまさ,新政酒造,秋田県,秋田市,秋田県秋田市大町6-2-35
2763,やまユ,やまゆ,新政酒造,秋田県,秋田市,秋田県秋田市大町6-2-35
185,しみずの舞,しみずのまい,秋田酒類製造,秋田県,秋田市,秋田県秋田市川元むつみ町4-12
54,高清水,たかしみず,秋田酒類製造,秋田県,秋田市,秋田県秋田市川元むつみ町4-12
1474,国萬歳,くにばんざい,国萬歳酒造,秋田県,秋田市,秋田県秋田市新屋元町23-9
1815,酔楽天,すいらくてん,秋田酒造,秋田県,秋田市,秋田県秋田市新屋元町23-28
3718,よーいとナ,よーいとな,秋田酒造,秋田県,秋田市,秋田県秋田市新屋元町23-28
3717,かもっ酒。,かもっしゅ,秋田酒造,秋田県,秋田市,秋田県秋田市新屋元町23-28
3719,新屋衆,あらやしゅう,秋田酒造,秋田県,秋田市,秋田県秋田市新屋元町23-28
1475,秋田晴,あきたばれ,秋田酒造,秋田県,秋田市,秋田県秋田市新屋元町23-28
53,英雄,えいゆう,森川酒造店,秋田県,秋田市,秋田県秋田市
1306,黄金井,こがねい,黄金井酒造,秋田県,秋田市,秋田県秋田市
56,銀鱗,ぎんりん,那波商店,秋田県,秋田市,秋田県秋田市土崎港中央1丁目16-41
2327,銀嶺白山,ぎんれいはくさん,武石酒造店,秋田県,湯沢市,秋田県湯沢市
2820,山田川,やまだがわ,武石酒造店,秋田県,湯沢市,秋田県湯沢市
65,両関,りょうぜき,両関酒造,秋田県,湯沢市,秋田県湯沢市前森4-3-18
3437,雪月花,せつげつか,両関酒造,秋田県,湯沢市,秋田県湯沢市前森4-3-18
3438,霧時雨,きりしぐれ,両関酒造,秋田県,湯沢市,秋田県湯沢市前森4-3-18
2738,翠玉,すいぎょく,両関酒造,秋田県,湯沢市,秋田県湯沢市前森4-3-18
3774,BREEZE,ぶりーず,両関酒造,秋田県,湯沢市,秋田県湯沢市前森4-3-18
2825,花邑,はなむら,両関酒造,秋田県,湯沢市,秋田県湯沢市前森4-3-18
3439,青時雨,あおしぐれ,両関酒造,秋田県,湯沢市,秋田県湯沢市前森4-3-18
3949,初時雨,はつしぐれ,両関酒造,秋田県,湯沢市,秋田県湯沢市前森4-3-18
213,爛漫,らんまん,秋田銘醸,秋田県,湯沢市,秋田県湯沢市大工町4-23
3872,小野之里,おののさと,高久酒造,秋田県,湯沢市,秋田県湯沢市柳町2-1-42
212,福小町,ふくこまち,木村酒造,秋田県,湯沢市,秋田県湯沢市田町2-1-11
3000,角右衛門,かくえもん,木村酒造,秋田県,湯沢市,秋田県湯沢市田町2-1-11
3874,秋田の香り,あきたのかおり,奥山儀助商店,秋田県,湯沢市,秋田県湯沢市吹張1-2-40
3873,金時,きんとき,奥山儀助商店,秋田県,湯沢市,秋田県湯沢市吹張1-2-40
3727,雪桜,ゆきざくら,秋田県醗酵工業,秋田県,湯沢市,秋田県湯沢市深堀中川原120-8
3897,館の井,たてのい,秋田県醗酵工業,秋田県,湯沢市,秋田県湯沢市深堀中川原120-8
2877,とんとん拍子,とんとんびょうし,秋田県醗酵工業,秋田県,湯沢市,秋田県湯沢市深堀中川原120-8
1400,一滴千両,いってきせんりょう,秋田県醗酵工業,秋田県,湯沢市,秋田県湯沢市深堀中川原120-8
2695,小野こまち,おのこまち,秋田県醗酵工業,秋田県,湯沢市,秋田県湯沢市深堀中川原120-8
3446,横手,よこて,阿櫻酒造,秋田県,横手市,秋田県横手市大沢字西野67-2
1398,雪の音,ゆきのね,阿櫻酒造,秋田県,横手市,秋田県横手市大沢字西野67-2
1399,かまくら,かまくら,阿櫻酒造,秋田県,横手市,秋田県横手市大沢字西野67-2
3726,雪櫻,,阿櫻酒造,秋田県,横手市,秋田県横手市大沢字西野67-2
3807,秋田ばやし,あきたばやし,阿櫻酒造,秋田県,横手市,秋田県横手市大沢字西野67-2
1583,阿櫻,,阿櫻酒造,秋田県,横手市,秋田県横手市大沢字西野67-2
3284,夏田冬蔵,なつたふゆぞう,浅舞酒造,秋田県,横手市,秋田県横手市平鹿町浅舞字浅舞388
3073,染井櫻,,浅舞酒造,秋田県,横手市,秋田県横手市平鹿町浅舞字浅舞388
210,天の戸,あまのと,浅舞酒造,秋田県,横手市,秋田県横手市平鹿町浅舞字浅舞388
1416,田从,たびと,舞鶴酒造,秋田県,横手市,秋田県横手市平鹿町浅舞字浅舞184
208,月下の舞,げっかのまい,舞鶴酒造,秋田県,横手市,秋田県横手市平鹿町浅舞字浅舞184
64,朝乃舞,あさのまい,舞鶴酒造,秋田県,横手市,秋田県横手市平鹿町浅舞字浅舞184
3626,たてのい,たてのい,沼館酒造,秋田県,横手市,秋田県横手市
205,館の井,たてのい,沼館酒造,秋田県,横手市,秋田県横手市
211,大納川,だいながわ,備前酒造本店,秋田県,横手市,秋田県横手市大森町字大森169
209,八重寿,やえす,八重寿銘醸,秋田県,大仙市,秋田県大仙市若竹町26-19
199,秀よし,ひでよし,鈴木酒造店,秋田県,大仙市,秋田県大仙市長野字二日町九
3716,真木雪華,まぎせっか,鈴木酒造店,秋田県,大仙市,秋田県大仙市長野字二日町九
2769,ラシャンテ,らしゃんて,鈴木酒造店,秋田県,大仙市,秋田県大仙市長野字二日町九
2998,GRAND A-1,ぐらん えーわん,鈴木酒造店,秋田県,大仙市,秋田県大仙市長野字二日町九
2999,龍蟠,りゅうばん,鈴木酒造店,秋田県,大仙市,秋田県大仙市長野字二日町九
3907,摩擦発電機エレキテル,えれきてる,五井酒造店,秋田県,仙北市,秋田県仙北市角館町横町49
3906,孫左衛門,まござえもん,五井酒造店,秋田県,仙北市,秋田県仙北市角館町横町49
3905,かくのだて白梅,かくのだてしらうめ,五井酒造店,秋田県,仙北市,秋田県仙北市角館町横町49
3130,竜巻,たつまき,秋田清酒,秋田県,大仙市,秋田県大仙市戸地谷字天ケ沢83-1
1476,金紋秋田,きんもんあきた,金紋秋田酒造,秋田県,大仙市,秋田県大仙市藤木西八圭34-2
2892,うまいっしょう,うまいっしょう,金紋秋田酒造,秋田県,大仙市,秋田県大仙市藤木西八圭34-2
2891,角間川,かくまがわ,金紋秋田酒造,秋田県,大仙市,秋田県大仙市藤木西八圭34-2
1477,秋田富士,あきたふじ,金紋秋田酒造,秋田県,大仙市,秋田県大仙市藤木西八圭34-2
2889,山吹,やまぶき,金紋秋田酒造,秋田県,大仙市,秋田県大仙市藤木西八圭34-2
193,秋田誉,あきたほまれ,秋田誉酒造,秋田県,由利本荘市,秋田県由利本荘市砂子下3
62,雪の茅舎,ゆきのぼうしゃ,齋彌酒造店,秋田県,由利本荘市,秋田県由利本荘市石脇53
2855,本荘,ほんじょう,齋彌酒造店,秋田県,由利本荘市,秋田県由利本荘市石脇53
194,由利正宗,ゆりまさむね,齋彌酒造店,秋田県,由利本荘市,秋田県由利本荘市石脇53
61,出羽の冨士,,佐藤酒造店,秋田県,由利本荘市,秋田県由利本荘市矢島町七日町26
2727,鳥海山,ちょうかいさん,天寿酒造,秋田県,由利本荘市,秋田県由利本荘市矢島町城内字八森下117
3189,叭天吠,はてんこう,天寿酒造,秋田県,由利本荘市,秋田県由利本荘市矢島町城内字八森下117
3150,庵,あん,天寿酒造,秋田県,由利本荘市,秋田県由利本荘市矢島町城内字八森下117
3190,Acid Seven,あしっど せぶん,天寿酒造,秋田県,由利本荘市,秋田県由利本荘市矢島町城内字八森下117
197,天寿,てんじゅ,天寿酒造,秋田県,由利本荘市,秋田県由利本荘市矢島町城内字八森下117
2728,今だけ屋,いまだけや,天寿酒造,秋田県,由利本荘市,秋田県由利本荘市矢島町城内字八森下117
3188,天樹,てんじゅ,天寿酒造,秋田県,由利本荘市,秋田県由利本荘市矢島町城内字八森下117
2812,喜一郎の酒,きいちろうのさけ,喜久水酒造,秋田県,能代市,秋田県能代市万町6-37
2326,喜久水,きくすい,喜久水酒造,秋田県,能代市,秋田県能代市万町6-37
59,能代,のしろ,喜久水酒造,秋田県,能代市,秋田県能代市万町6-37
1307,楽泉,らくいずみ,西村醸造店,秋田県,能代市,秋田県能代市
3286,雪の十和田,ゆきのとわだ,北鹿,秋田県,大館市,秋田県大館市有浦2-2-3
190,北鹿,ほくしか,北鹿,秋田県,大館市,秋田県大館市有浦2-2-3
3841,がっぱり酒,がっぱりざけ,北鹿,秋田県,大館市,秋田県大館市有浦2-2-3
196,飛良泉,ひらいずみ,飛良泉本舗,秋田県,にかほ市,秋田県にかほ市平沢字中町59
58,太平山,たいへいざん,小玉醸造,秋田県,潟上市,秋田県潟上市飯田川飯塚字飯塚34-1
2366,桜田門,さくらだもん,小玉醸造,秋田県,潟上市,秋田県潟上市飯田川飯塚字飯塚34-1
3808,今人,いまじん,小玉醸造,秋田県,潟上市,秋田県潟上市飯田川飯塚字飯塚34-1
188,十五代彦兵衛,じゅうごだいひこべい,福禄寿酒造,秋田県,南秋田郡,秋田県南秋田郡五城目町字下タ町48
57,福禄寿,ふくろくじゅ,福禄寿酒造,秋田県,南秋田郡,秋田県南秋田郡五城目町字下タ町48
1753,一白水成,いっぱくすいせい,福禄寿酒造,秋田県,南秋田郡,秋田県南秋田郡五城目町字下タ町48
60,白瀑,しらたき,山本,秋田県,山本郡,秋田県山本郡八峰町八森字八森269
3330,山本,やまもと,山本,秋田県,山本郡,秋田県山本郡八峰町八森字八森269
3947,鏡田,かがみだ,千歳盛酒造,秋田県,鹿角市,秋田県鹿角市花輪字中花輪29
189,千歳盛,ちとせざかり,千歳盛酒造,秋田県,鹿角市,秋田県鹿角市花輪字中花輪29
3746,鹿角,かづの,千歳盛酒造,秋田県,鹿角市,秋田県鹿角市花輪字中花輪29
3948,みのり,,千歳盛酒造,秋田県,鹿角市,秋田県鹿角市花輪字中花輪29
3922,すし屋の酒 粋心,すいしん,千歳盛酒造,秋田県,鹿角市,秋田県鹿角市花輪字中花輪29
206,まんさくの花,まんさくのはな,日の丸醸造,秋田県,横手市,秋田県横手市増田町増田字七日町114-2
3436,ゴールド秋田,ごーるどあきた,日の丸醸造,秋田県,横手市,秋田県横手市増田町増田字七日町114-2
3738,十文字,じゅうもんじ,日の丸醸造,秋田県,横手市,秋田県横手市増田町増田字七日町114-2
207,不老寿,ふろうじゅ,日の丸醸造,秋田県,横手市,秋田県横手市増田町増田字七日町114-2
3434,真人,まなびと,日の丸醸造,秋田県,横手市,秋田県横手市増田町増田字七日町114-2
3447,秋田城,あきたじょう,日の丸醸造,秋田県,横手市,秋田県横手市増田町増田字七日町114-2
3435,うまからまんさく,うまからまんさく,日の丸醸造,秋田県,横手市,秋田県横手市増田町増田字七日町114-2
3433,日の丸,ひのまる,日の丸醸造,秋田県,横手市,秋田県横手市増田町増田字七日町114-2
63,秋田錦,あきたにしき,勇駒酒造,秋田県,横手市,秋田県横手市
203,天品,てんぴん,勇駒酒造,秋田県,横手市,秋田県横手市
204,秋田のゆきしずく,あきたのゆきしずく,勇駒酒造,秋田県,横手市,秋田県横手市
202,八千代,やちよ,八千代酒造,秋田県,仙北郡,秋田県仙北郡美郷町六郷本道町60
192,春霞,はるがすみ,栗林酒造店,秋田県,仙北郡,秋田県仙北郡美郷町六郷字米町56
3647,笑顔,えがお,高橋酒造店,秋田県,仙北郡,秋田県仙北郡美郷町六郷字宝門清水72-13
195,奥清水,おくしみず,高橋酒造店,秋田県,仙北郡,秋田県仙北郡美郷町六郷字宝門清水72-13
198,刈穂,かりほ,刈穂酒造,秋田県,大仙市,秋田県大仙市神宮寺字神宮寺275
3443,出羽の雫,でわのしずく,刈穂酒造,秋田県,大仙市,秋田県大仙市神宮寺字神宮寺275
3075,人丸,ひとまる,刈穂酒造,秋田県,大仙市,秋田県大仙市神宮寺字神宮寺275
201,福乃友,ふくのとも,福乃友酒造,秋田県,大仙市,秋田県大仙市神宮寺字本郷野82-6
2552,冬樹,ふゆき,福乃友酒造,秋田県,大仙市,秋田県大仙市神宮寺字本郷野82-6
200,出羽鶴,でわつる,出羽鶴酒造,秋田県,大仙市,秋田県大仙市南外字悪戸野81
3710,廻 MEGURU,めぐる,出羽鶴酒造,秋田県,大仙市,秋田県大仙市南外字悪戸野81
3076,小丸,ちいまる,出羽鶴酒造,秋田県,大仙市,秋田県大仙市南外字悪戸野81
2977,晴田,せいでん,出羽鶴酒造,秋田県,大仙市,秋田県大仙市南外字悪戸野81
3442,大綱の響,つなのひびき,出羽鶴酒造,秋田県,大仙市,秋田県大仙市南外字悪戸野81
2737,やまとしずく,やまとしずく,出羽鶴酒造,秋田県,大仙市,秋田県大仙市南外字悪戸野81
1305,千代緑,ちよみどり,奥田酒造店,秋田県,大仙市,秋田県大仙市協和境字境113
2841,DATE SEVEN,だてせぶん,DATE SEVEN,宮城県,https://www.facebook.com/date7.miyagi,宮城県SEVEN
2986,千松島,ちまつしま,千松島,宮城県,仙台市青葉区,宮城県仙台市青葉区国分町2-11-11
1179,志ら梅,しらうめ,吉岡酒造店,宮城県,仙台市,宮城県仙台市
2114,浪の音,なみのおと,佐々木酒造店,宮城県,名取市,宮城県名取市閖上1-8-10
44,雪の松島,ゆきのまつしま,宮城酒類,宮城県,仙台市,宮城県仙台市
1969,シャトーガクト,しゃとーがくと,仙台伊澤家 勝山酒造,宮城県,仙台市泉区,宮城県勝山酒造〒981-3225 宮城県
1240,撰勝山,せんかつやま,仙台伊澤家 勝山酒造,宮城県,仙台市泉区,宮城県勝山酒造〒981-3225 宮城県
43,勝山,かつやま,仙台伊澤家 勝山酒造,宮城県,仙台市泉区,宮城県勝山酒造〒981-3225 宮城県
1970,戦勝政宗,せんしょうまさむね,仙台伊澤家 勝山酒造,宮城県,仙台市泉区,宮城県勝山酒造〒981-3225 宮城県
42,鳳陽,ほうよう,内ヶ崎酒造店,宮城県,黒川郡,宮城県黒川郡富谷町富谷字町27
173,みやぎ萩,みやぎはぎ,内ヶ崎酒造店,宮城県,黒川郡,宮城県黒川郡富谷町富谷字町27
1534,雪の松島,ゆきのまつしま,大和蔵酒造,宮城県,黒川郡,宮城県黒川郡大和町松坂平8-1
3547,七ツ森伝説,ななつもりでんせつ,大和蔵酒造,宮城県,黒川郡,宮城県黒川郡大和町松坂平8-1
3548,お立ち酒,おたちざけ,大和蔵酒造,宮城県,黒川郡,宮城県黒川郡大和町松坂平8-1
3440,殿の春風,とののはるかぜ,大和蔵酒造,宮城県,黒川郡,宮城県黒川郡大和町松坂平8-1
1765,鳴瀬川,なるせがわ,中勇酒造店,宮城県,加美郡,宮城県加美郡加美町南町166
176,火伏せの虎舞,ひぶせのとらまい,中勇酒造店,宮城県,加美郡,宮城県加美郡加美町南町166
49,天上夢幻,てんじょうむげん,中勇酒造店,宮城県,加美郡,宮城県加美郡加美町南町166
3723,花ノ文,はなのふみ,中勇酒造店,宮城県,加美郡,宮城県加美郡加美町南町166
3550,万葉美人,まんようびじん,中勇酒造店,宮城県,加美郡,宮城県加美郡加美町南町166
175,夢幻,むげん,中勇酒造店,宮城県,加美郡,宮城県加美郡加美町南町166
3444,泉の大地,いずみのだいち,中勇酒造店,宮城県,加美郡,宮城県加美郡加美町南町166
1610,山和,やまわ,山和酒造店,宮城県,加美郡,宮城県加美郡加美町南町109-1
1308,瞑想水,めいそうすい,山和酒造店,宮城県,加美郡,宮城県加美郡加美町南町109-1
1421,有朋 待酒,ゆうほう まちざけ,山和酒造店,宮城県,加美郡,宮城県加美郡加美町南町109-1
1420,わしが國,,山和酒造店,宮城県,加美郡,宮城県加美郡加美町南町109-1
3549,七ツ森の四季,ななつもりのしき,山和酒造店,宮城県,加美郡,宮城県加美郡加美町南町109-1
3732,田林,でんりん,田中酒造店,宮城県,加美郡,宮城県加美郡加美町字西町88-1
50,真鶴,まなつる,田中酒造店,宮城県,加美郡,宮城県加美郡加美町字西町88-1
1197,森乃菊川,もりのきくかわ,森民酒造本家,宮城県,仙台市,宮城県仙台市若林区荒町53
1463,鳳山,ほうざん,鳳山酒造,宮城県,仙台市若林区,宮城県仙台市若林区
47,浦霞,,佐浦,宮城県,塩竈市,宮城県塩竈市本町2-19
3911,福釜正宗,ふくがままさむね,麹屋酒造店,宮城県,塩竈市,宮城県塩竈市本町2-4
3910,しおがま,しおがま,麹屋酒造店,宮城県,塩竈市,宮城県塩竈市本町2-4
1819,阿部勘,あべかん,阿部勘酒造店,宮城県,塩竈市,宮城県塩竈市西町3-9
45,於茂多加男山,おもたかおとこやま,阿部勘酒造店,宮城県,塩竈市,宮城県塩竈市西町3-9
174,四季の松島,しきのまつしま,阿部勘酒造店,宮城県,塩竈市,宮城県塩竈市西町3-9
3804,樹齢,じゅれい,石川酒造店,宮城県,石巻市,宮城県石巻市住吉町2-1-31
3803,北上川,きたかみがわ,石川酒造店,宮城県,石巻市,宮城県石巻市住吉町2-1-31
183,墨廼江,すみのえ,墨廼江酒造,宮城県,石巻市,宮城県石巻市千石町8-43
2885,新関,しんぜき,平孝酒造,宮城県,石巻市,宮城県石巻市清水町1丁目5-3
184,日高見,ひたかみ,平孝酒造,宮城県,石巻市,宮城県石巻市清水町1丁目5-3
177,一ノ蔵,いちのくら,一ノ蔵,宮城県,大崎市,宮城県大崎市
1291,米米酒,こめこめしゅ,一ノ蔵,宮城県,大崎市,宮城県大崎市
3445,わたり藤五郎,わたりとうごろう,一ノ蔵,宮城県,大崎市,宮城県大崎市
3113,金龍,きんりゅう,一ノ蔵,宮城県,大崎市,宮城県大崎市
3112,勝来,かちき,一ノ蔵,宮城県,大崎市,宮城県大崎市
3495,ワタシノオト,わたしのおと,一ノ蔵,宮城県,大崎市,宮城県大崎市
1073,すず音,すずね,一ノ蔵,宮城県,大崎市,宮城県大崎市
1072,あ、不思議なお酒,あ、ふしぎなおさけ,一ノ蔵,宮城県,大崎市,宮城県大崎市
1074,ひめぜん,ひめぜん,一ノ蔵,宮城県,大崎市,宮城県大崎市
3557,虹 Niji,にじ,はさまや酒造店,宮城県,栗原市,宮城県栗原市高清水字中町8番地
1180,桂泉,けいせん,はさまや酒造店,宮城県,栗原市,宮城県栗原市高清水字中町8番地
3555,七清水,ななしみず,はさまや酒造店,宮城県,栗原市,宮城県栗原市高清水字中町8番地
3556,阿佐緒,あさお,はさまや酒造店,宮城県,栗原市,宮城県栗原市高清水字中町8番地
2919,金の井,かねのい,金の井酒造,宮城県,栗原市,宮城県栗原市一迫字川口町浦1-1
1546,綿屋,わたや,金の井酒造,宮城県,栗原市,宮城県栗原市一迫字川口町浦1-1
3192,川口納豆,かわぐちなっとう,金の井酒造,宮城県,栗原市,宮城県栗原市一迫字川口町浦1-1
1739,小僧山水,こぞうさんすい,金の井酒造,宮城県,栗原市,宮城県栗原市一迫字川口町浦1-1
2911,坤輿,こんよ,門傳醸造,宮城県,栗原市,宮城県栗原市一迫萩生33
2910,太閤,たいこう,門傳醸造,宮城県,栗原市,宮城県栗原市一迫萩生33
2912,ほでなす,ほでなす,門傳醸造,宮城県,栗原市,宮城県栗原市一迫萩生33
3232,水鳥記,みずとりき,角星,宮城県,気仙沼市,宮城県気仙沼市魚町2-1-9
182,金紋両國,,角星,宮城県,気仙沼市,宮城県気仙沼市魚町2-1-9
1744,蒼天伝,そうてんでん,男山本店,宮城県,気仙沼市,宮城県気仙沼市入沢3-8
1743,華心,かしん,男山本店,宮城県,気仙沼市,宮城県気仙沼市入沢3-8
2863,陸前男山,りくぜんおとこやま,男山本店,宮城県,気仙沼市,宮城県気仙沼市入沢3-8
1745,伏見男山,ふしみおとこやま,男山本店,宮城県,気仙沼市,宮城県気仙沼市入沢3-8
3648,黄金海道,おうごんかいどう,男山本店,宮城県,気仙沼市,宮城県気仙沼市入沢3-8
181,蔵王,ざおう,蔵王酒造,宮城県,白石市,宮城県白石市東小路120-1
1153,乾坤一,けんこんいち,大沼酒造店,宮城県,柴田郡,宮城県柴田郡村田町村田56-1
1154,大沼屋,おおぬまや,大沼酒造店,宮城県,柴田郡,宮城県柴田郡村田町村田56-1
41,天賞,てんしょう,まるや天賞,宮城県,柴田郡,宮城県柴田郡
3127,武隈,たけくま,小野酒造店,宮城県,岩沼市,宮城県岩沼市
3128,名取駒,なとりこま,相傳商店,宮城県,岩沼市,宮城県岩沼市中央3-1-24
2733,橘屋,たちばなや,川敬商店,宮城県,遠田郡,宮城県遠田郡美里町二郷字高玉六号7
51,黄金澤,こがねさわ,川敬商店,宮城県,遠田郡,宮城県遠田郡美里町二郷字高玉六号7
180,澤乃泉,さわのいずみ,石越醸造,宮城県,登米市,宮城県登米市石越町北郷中澤108-1
2115,日輪田,ひわた,萩野酒造,宮城県,栗原市,宮城県栗原市金成有壁新町52
3560,有壁の隠し酒,ありかべのかくしざけ,萩野酒造,宮城県,栗原市,宮城県栗原市金成有壁新町52
179,萩の鶴,はぎのつる,萩野酒造,宮城県,栗原市,宮城県栗原市金成有壁新町52
2987,亀岡,かめおか,萩野酒造,宮城県,栗原市,宮城県栗原市金成有壁新町52
3558,奥鶴,おくつる,千田酒造,宮城県,栗原市,宮城県栗原市栗駒中野北畑中63-1
178,栗駒山,くりこまやま,千田酒造,宮城県,栗原市,宮城県栗原市栗駒中野北畑中63-1
1767,荒雄,あらお,宮城ふるさと酒造,宮城県,大崎市,宮城県大崎市古川馬寄字屋敷3-2
1766,湖醉,こすい,宮城ふるさと酒造,宮城県,大崎市,宮城県大崎市古川馬寄字屋敷3-2
2116,玉の緒,たまのお,橋平酒造店,宮城県,大崎市,宮城県大崎市古川七日町3-1
3510,洋々きたかみ,ようようきたかみ,橋平酒造店,宮城県,大崎市,宮城県大崎市古川七日町3-1
2790,平之丞,へいのじょう,橋平酒造店,宮城県,大崎市,宮城県大崎市古川七日町3-1
2789,をだえの橋,をだえのはし,橋平酒造店,宮城県,大崎市,宮城県大崎市古川七日町3-1
2117,醸室,かむろ,橋平酒造店,宮城県,大崎市,宮城県大崎市古川七日町3-1
3511,登米ばやし,とよまばやし,橋平酒造店,宮城県,大崎市,宮城県大崎市古川七日町3-1
3504,酔舞,よいまい,浅勘酒造店,宮城県,大崎市,宮城県大崎市古川矢目北谷地87
46,宮寒梅,みやかんばい,寒梅酒造,宮城県,大崎市,宮城県大崎市古川柏崎字境田15
2894,残響,ざんきょう,新澤醸造店,宮城県,大崎市,宮城県大崎市三本木字北町63
2893,飛龍,ひりゅう,新澤醸造店,宮城県,大崎市,宮城県大崎市三本木字北町63
3762,空木 ,うつぎ,新澤醸造店,宮城県,大崎市,宮城県大崎市三本木字北町63
2931,NIIZAWA,にいざわ,新澤醸造店,宮城県,大崎市,宮城県大崎市三本木字北町63
1380,伯楽星,はくらくせい,新澤醸造店,宮城県,大崎市,宮城県大崎市三本木字北町63
3636,虎千里,とらせんり,新澤醸造店,宮城県,大崎市,宮城県大崎市三本木字北町63
3033,横濱,よこはま,新澤醸造店,宮城県,大崎市,宮城県大崎市三本木字北町63
1379,愛宕の松,あたごのまつ,新澤醸造店,宮城県,大崎市,宮城県大崎市三本木字北町63
48,森泉,もりいずみ,森民酒造店,宮城県,大崎市,宮城県大崎市岩出山上川原町15
3011,山川光男,やまかわみつお,山川光男,山形県,,
214,羽陽男山,うようおとこやま,男山酒造,山形県,山形市,山形県山形市八日町2-4-13
2764,山男山,やまおとこやま,男山酒造,山形県,山形市,山形県山形市八日町2-4-13
3660,珠韻,しゅいん,秀鳳酒造場,山形県,山形市,山形県山形市山家町1-6-6
1250,庄五郎,しょうごろう,秀鳳酒造場,山形県,山形市,山形県山形市山家町1-6-6
3050,幻酒 翁山,おきなさん,秀鳳酒造場,山形県,山形市,山形県山形市山家町1-6-6
217,秀鳳,しゅうほう,秀鳳酒造場,山形県,山形市,山形県山形市山家町1-6-6
3527,十八夜,じゅうはちや,秀鳳酒造場,山形県,山形市,山形県山形市山家町1-6-6
3526,譲川,ゆずりかわ,秀鳳酒造場,山形県,山形市,山形県山形市山家町1-6-6
68,銀嶺月山,ぎんれいがっさん,月山酒造,山形県,寒河江市,山形県寒河江市谷沢769-1
2519,一声,ひとこえ,設楽酒造店,山形県,西村山郡,山形県西村山郡西川町睦合丙674-2
2520,豊龍,ほうりゅう,鈴木酒造,山形県,西村山郡,山形県西村山郡朝日町宮宿1170
2515,霞城寿,かじょうことぶき,寿虎屋酒造,山形県,山形市,山形県山形市中里北田93-1
2516,三百年の掟やぶり,さんびゃくねんのおきてやぶり,寿虎屋酒造,山形県,山形市,山形県山形市中里北田93-1
2517,虎屋,とらや,寿虎屋酒造,山形県,山形市,山形県山形市中里北田93-1
66,澤正宗,さわまさむね,古澤酒造,山形県,寒河江市,山形県寒河江市丸内3-5-7
3413,天風,てんぷう,古澤酒造,山形県,寒河江市,山形県寒河江市丸内3-5-7
3414,紅葉盛,こうようもり,古澤酒造,山形県,寒河江市,山形県寒河江市丸内3-5-7
1940,寒河江之荘,さがえのしょう,千代寿虎屋,山形県,寒河江市,山形県寒河江市南町2-1-16
1939,月夜の眠り,つきよのねむり,千代寿虎屋,山形県,寒河江市,山形県寒河江市南町2-1-16
67,千代寿,ちよことぶき,千代寿虎屋,山形県,寒河江市,山形県寒河江市南町2-1-16
3049,大江錦,おおえにしき,千代寿虎屋,山形県,寒河江市,山形県寒河江市南町2-1-16
3770, 濱田,はまだ,浜田,山形県,米沢市,山形県米沢市窪田町藤泉943-1
75,沖正宗,おきまさむね,浜田,山形県,米沢市,山形県米沢市窪田町藤泉943-1
3769,興譲,こうじょう,浜田,山形県,米沢市,山形県米沢市窪田町藤泉943-1
2772,天下御免の大ふへんもの,,浜田,山形県,米沢市,山形県米沢市窪田町藤泉943-1
242,美味酒,うまざけ,小嶋総本店,山形県,米沢市,山形県米沢市本町2-2-3
240,東光,とうこう,小嶋総本店,山形県,米沢市,山形県米沢市本町2-2-3
3734,洌,れつ,小嶋総本店,山形県,米沢市,山形県米沢市本町2-2-3
241,東光正宗,とうこうまさむね,小嶋総本店,山形県,米沢市,山形県米沢市本町2-2-3
3735,日本響,にほんひびき,小嶋総本店,山形県,米沢市,山形県米沢市本町2-2-3
243,なせば成る,なせばなる,小嶋総本店,山形県,米沢市,山形県米沢市本町2-2-3
244,香梅,こうばい,香坂酒造,山形県,米沢市,山形県米沢市中央7-3-10
2118,羽陽富久鶴,うようふくつる,新藤酒造店,山形県,米沢市,山形県米沢市竹井1331
1184,裏・雅山流,うら・がさんりゅう,新藤酒造店,山形県,米沢市,山形県米沢市竹井1331
1182,九郎左衛門,くろうざえもん,新藤酒造店,山形県,米沢市,山形県米沢市竹井1331
245,雅山流,がさんりゅう,新藤酒造店,山形県,米沢市,山形県米沢市竹井1331
2119,雪国慕情,ゆきぐにぼじょう,新藤酒造店,山形県,米沢市,山形県米沢市竹井1331
2120,千山万水,せんざんばんすい,新藤酒造店,山形県,米沢市,山形県米沢市竹井1331
1183,泉氷艦,いずみひょうかん,新藤酒造店,山形県,米沢市,山形県米沢市竹井1331
1756,錦爛,きんらん,後藤康太郎酒造店,山形県,東置賜郡,山形県東置賜郡高畠町元和田732
1757,桜羽前,さくらうぜん,後藤康太郎酒造店,山形県,東置賜郡,山形県東置賜郡高畠町元和田732
3183,かっぱ,かっぱ,米鶴酒造,山形県,東置賜郡,山形県東置賜郡高畠町二井宿1076
251,米鶴,よねつる,米鶴酒造,山形県,東置賜郡,山形県東置賜郡高畠町二井宿1076
1175,うきたむ,うきたむ,米鶴酒造,山形県,東置賜郡,山形県東置賜郡高畠町二井宿1076
77,東の麓,あずまのふもと,東の麓酒造,山形県,南陽市,山形県南陽市宮内2557
76,羽陽一献,うよういっこん,中沖酒造店,山形県,東置賜郡,山形県東置賜郡川西町西大塚1792-3
2514,日の出加茂川,ひのでかもがわ,加茂川酒造,山形県,西置賜郡,山形県西置賜郡白鷹町鮎貝3258
3108,古時計,ふるどけい,加茂川酒造,山形県,西置賜郡,山形県西置賜郡白鷹町鮎貝3258
3107,久保桜,くぼざくら,加茂川酒造,山形県,西置賜郡,山形県西置賜郡白鷹町鮎貝3258
3109,瑞露鷹山,ずいろようざん,加茂川酒造,山形県,西置賜郡,山形県西置賜郡白鷹町鮎貝3258
74,忍ぶ川,しのぶかわ,鈴木酒造店 長井蔵,山形県,長井市,山形県長井蔵〒993-0015 山形県
1181,一生幸福,いっしょうこうふく,鈴木酒造店 長井蔵,山形県,長井市,山形県長井蔵〒993-0015 山形県
3707,天のつぶ,てんのつぶ,鈴木酒造店 長井蔵,山形県,長井市,山形県長井蔵〒993-0015 山形県
2521,朝瀧,あさたき,寺嶋酒造本舗,山形県,長井市,山形県長井市寺泉3496
2523,惣右衛門,そうえもん,長沼,山形県,長井市,山形県長井市十日町1-1-39
239,誉小桜,ほまれこざくら,長沼,山形県,長井市,山形県長井市十日町1-1-39
2524,小桜,こざくら,長沼,山形県,長井市,山形県長井市十日町1-1-39
2522,惣邑,そうむら,長沼,山形県,長井市,山形県長井市十日町1-1-39
219,出羽桜,でわざくら,出羽桜酒造,山形県,天童市,山形県天童市一日町1-4-6
3525,郷魂,ごうこん,出羽桜酒造,山形県,天童市,山形県天童市一日町1-4-6
1691,山形正宗,やまがたまさむね,水戸部酒造,山形県,天童市,山形県天童市原町乙7
1740,四方山ばなし,よもやまばなし,水戸部酒造,山形県,天童市,山形県天童市原町乙7
218,酔芙蓉,すいふよう,水戸部酒造,山形県,天童市,山形県天童市原町乙7
1151,朝日鷹,あさひたか,高木酒造,山形県,村山市,山形県村山市富並1826
223,十四代,じゅうよんだい,高木酒造,山形県,村山市,山形県村山市富並1826
1152,黒縄,くろなわ,高木酒造,山形県,村山市,山形県村山市富並1826
1310,最上川,もがみがわ,最上川酒造,山形県,新庄市,山形県新庄市
2799,此君,このきみ,小屋酒造,山形県,最上郡,山形県最上郡大蔵村清水2591
3037,最上川,もがみがわ,小屋酒造,山形県,最上郡,山形県最上郡大蔵村清水2591
221,花羽陽,はなうよう,小屋酒造,山形県,最上郡,山形県最上郡大蔵村清水2591
3844,絹,きぬ,小屋酒造,山形県,最上郡,山形県最上郡大蔵村清水2591
2884,藤島,ふじしま,亀の井酒造,山形県,鶴岡市,山形県鶴岡市羽黒町戸野福ノ内1
1133,くどき上手,くどきじょうず,亀の井酒造,山形県,鶴岡市,山形県鶴岡市羽黒町戸野福ノ内1
3321,竹の露,たけのつゆ,竹の露酒造場,山形県,鶴岡市,山形県鶴岡市羽黒町猪俣新田田屋前133
3294,摩耶姫,まやひめ,竹の露酒造場,山形県,鶴岡市,山形県鶴岡市羽黒町猪俣新田田屋前133
3946,遊,あそび,竹の露酒造場,山形県,鶴岡市,山形県鶴岡市羽黒町猪俣新田田屋前133
235,白露垂珠,はくろすいしゅ,竹の露酒造場,山形県,鶴岡市,山形県鶴岡市羽黒町猪俣新田田屋前133
3945,羽黒山,はぐろさん,竹の露酒造場,山形県,鶴岡市,山形県鶴岡市羽黒町猪俣新田田屋前133
1937,奥羽自慢,おううじまん,奥羽自慢,山形県,鶴岡市,山形県鶴岡市上山添字神明前123
3826,吾有事,わがうじ,奥羽自慢,山形県,鶴岡市,山形県鶴岡市上山添字神明前123
72,栄光冨士,,冨士酒造,山形県,鶴岡市,山形県鶴岡市大山3-32-48
2818,有加藤,ありかとう,冨士酒造,山形県,鶴岡市,山形県鶴岡市大山3-32-48
3275,虎穴,こけつ,冨士酒造,山形県,鶴岡市,山形県鶴岡市大山3-32-48
236,大山,おおやま,加藤嘉八郎酒造,山形県,鶴岡市,山形県鶴岡市大山3-1-38
3709,ORBIA LUNA,,渡會本店,山形県,鶴岡市,山形県鶴岡市大山2-2-8
3312,乙女の舞,おとめのまい,渡會本店,山形県,鶴岡市,山形県鶴岡市大山2-2-8
73,出羽ノ雪,でわのゆき,渡會本店,山形県,鶴岡市,山形県鶴岡市大山2-2-8
2883,和田来,わたらい,渡會本店,山形県,鶴岡市,山形県鶴岡市大山2-2-8
237,羽前白梅,うぜんしらうめ,羽根田酒造,山形県,鶴岡市,山形県鶴岡市大山2-1-15
224,上喜元,じょうきげん,酒田酒造,山形県,酒田市,山形県酒田市日吉町2-3-25
225,菊勇,きくいさみ,菊勇,山形県,酒田市,山形県酒田市黒森葭葉山650
226,三十六人衆,さんじゅうろくにんしゅう,菊勇,山形県,酒田市,山形県酒田市黒森葭葉山650
222,清泉川,きよいずみがわ,オードヴィ庄内,山形県,酒田市,山形県酒田市浜中乙123
1155,占飲,しめのみ,オードヴィ庄内,山形県,酒田市,山形県酒田市浜中乙123
3871,ORBIA GAIA,,オードヴィ庄内,山形県,酒田市,山形県酒田市浜中乙123
3870,FONIA SORRA,,オードヴィ庄内,山形県,酒田市,山形県酒田市浜中乙123
3276,摩耶山,まやさん,東北銘醸,山形県,酒田市,山形県酒田市十里塚村東山125-3
228,初孫,はつまご,東北銘醸,山形県,酒田市,山形県酒田市十里塚村東山125-3
2771,砂潟,さかた,東北銘醸,山形県,酒田市,山形県酒田市十里塚村東山125-3
3407,白銀蔵王,はくぎんざおう,嵐山酒造,山形県,東置賜郡,山形県東置賜郡川西町上小松3182
2513,花娘,はなむすめ,嵐山酒造,山形県,東置賜郡,山形県東置賜郡川西町上小松3182
246,樽平,たるへい,樽平酒造,山形県,東置賜郡,山形県東置賜郡川西町中小松2886
248,雪むかえ,ゆきむかえ,樽平酒造,山形県,東置賜郡,山形県東置賜郡川西町中小松2886
247,住吉,すみよし,樽平酒造,山形県,東置賜郡,山形県東置賜郡川西町中小松2886
2526,福牡丹,ふくぼたん,福牡丹酒造,山形県,東置賜郡,山形県東置賜郡
1846,飯豊山,いいでさん,若乃井酒造,山形県,西置賜郡,山形県西置賜郡飯豊町中947-3
1845,若乃井,わかのい,若乃井酒造,山形県,西置賜郡,山形県西置賜郡飯豊町中947-3
2525,羽前桜川,うぜんさくらかわ,野沢酒造店,山形県,西置賜郡,山形県西置賜郡小国町小国小坂町213
2518,酒中楽康,しゅちゅうらっこう,後藤酒造店,山形県,東置賜郡,山形県東置賜郡高畠町糠野目1462
1099,辯天,べんてん,後藤酒造店,山形県,東置賜郡,山形県東置賜郡高畠町糠野目1462
220,あら玉,あらたま,和田酒造,山形県,西村山郡,山形県西村山郡河北町谷地甲17
3654,Salute 冴,さるーて さえ,和田酒造,山形県,西村山郡,山形県西村山郡河北町谷地甲17
1297,山吹極,やまぶき,朝日川酒造,山形県,西村山郡,山形県西村山郡河北町谷地乙93
69,朝日川,あさひかわ,朝日川酒造,山形県,西村山郡,山形県西村山郡河北町谷地乙93
1362,六歌仙,ろっかせん,六歌仙,山形県,東根市,山形県東根市温泉町3-17-7
3512,山法師,やまほうし,六歌仙,山形県,東根市,山形県東根市温泉町3-17-7
3513,ひととき,ひととき,六歌仙,山形県,東根市,山形県東根市温泉町3-17-7
3515,花ちよ,はなちよ,六歌仙,山形県,東根市,山形県東根市温泉町3-17-7
3514,手間暇,てまひま,六歌仙,山形県,東根市,山形県東根市温泉町3-17-7
2800,最上の夢,もがみのゆめ,佐藤酒造店,山形県,最上郡,山形県最上郡最上町大堀1026
3638,Nature-H,なちゅるふ,楯の川酒造,山形県,酒田市,山形県酒田市山楯清水田27
229,楯野川,,楯の川酒造,山形県,酒田市,山形県酒田市山楯清水田27
70,松嶺の富士,まつみねのふじ,松山酒造,山形県,酒田市,山形県酒田市荒町17
2527,天盃富士,てんぱいふじ,松山酒造,山形県,酒田市,山形県酒田市荒町17
234,やまと桜,やまとざくら,佐藤佐治右衛門,山形県,東田川郡,山形県東田川郡庄内町余目字町255
3081,侍士の門,さむらいのもん,鯉川酒造,山形県,東田川郡,山形県東田川郡庄内町余目興野42
3088,梅川,うめかわ,鯉川酒造,山形県,東田川郡,山形県東田川郡庄内町余目興野42
71,鯉川,こいかわ,鯉川酒造,山形県,東田川郡,山形県東田川郡庄内町余目興野42
3089,鯉ヶ龍,こいがりゅう,鯉川酒造,山形県,東田川郡,山形県東田川郡庄内町余目興野42
3086,恋の川,こいのかわ,鯉川酒造,山形県,東田川郡,山形県東田川郡庄内町余目興野42
3090,余目,あまるめ,鯉川酒造,山形県,東田川郡,山形県東田川郡庄内町余目興野42
3087,白凛,はくりん,鯉川酒造,山形県,東田川郡,山形県東田川郡庄内町余目興野42
3085,別嬪,べっぴん,鯉川酒造,山形県,東田川郡,山形県東田川郡庄内町余目興野42
3083,亀治好日,かめじこうじつ,鯉川酒造,山形県,東田川郡,山形県東田川郡庄内町余目興野42
3084,庄内の風,しょうないのかぜ,鯉川酒造,山形県,東田川郡,山形県東田川郡庄内町余目興野42
232,麓井,ふもとい,麓井酒造,山形県,酒田市,山形県酒田市麓字横道32
3315,遊佐来,ゆざこい,杉勇蕨岡酒造場,山形県,飽海郡,山形県飽海郡遊佐町上蕨岡御備田47-1
3317,鳥海探酔物語,ちょうかいたんすいものがたり,杉勇蕨岡酒造場,山形県,飽海郡,山形県飽海郡遊佐町上蕨岡御備田47-1
3316,はなわらび,はなわらび,杉勇蕨岡酒造場,山形県,飽海郡,山形県飽海郡遊佐町上蕨岡御備田47-1
227,杉勇,すぎいさみ,杉勇蕨岡酒造場,山形県,飽海郡,山形県飽海郡遊佐町上蕨岡御備田47-1
231,東北泉,とうほくいずみ,高橋酒造店,山形県,飽海郡,山形県飽海郡遊佐町吹浦一本木57
3885,AIZ’S-EYES,あいずあいず,會津アクティベートアソシエーション株式会社,福島県,https://aizuaa.thebase.in/,福島県https://aizuaa.thebase.in/
2843,おらが純米,おらがじゅんまい,金水晶酒造店,福島県,福島市,福島県福島市松川町本町29
1382,金水晶,きんすいしょう,金水晶酒造店,福島県,福島市,福島県福島市松川町本町29
2704,有の川,ありのかわ,有賀醸造,福島県,白河市,福島県白河市東釜子本町96
3484,やまぶき,やまぶき,有賀醸造,福島県,白河市,福島県白河市東釜子本町96
3486,霧の華,きりのはな,有賀醸造,福島県,白河市,福島県白河市東釜子本町96
3485,やまゆり,やまゆり,有賀醸造,福島県,白河市,福島県白河市東釜子本町96
3483,元祖,おおもと,有賀醸造,福島県,白河市,福島県白河市東釜子本町96
3487,生粋左馬,きっすいひだりうま,有賀醸造,福島県,白河市,福島県白河市東釜子本町96
3482,しらかわ虎,しらかわとら,有賀醸造,福島県,白河市,福島県白河市東釜子本町96
2705,陣屋,じんや,有賀醸造,福島県,白河市,福島県白河市東釜子本町96
418,千駒,せんこま,千駒酒造,福島県,白河市,福島県白河市年貢町15-1
417,白陽,はくよう,大谷忠吉本店,福島県,白河市,福島県白河市本町54
3488,しらかわ龍,しらかわりゅう,大谷忠吉本店,福島県,白河市,福島県白河市本町54
3432,登龍,とりゅう,大谷忠吉本店,福島県,白河市,福島県白河市本町54
2708,のんでみやがれ！,のんでみやがれ！,白河銘醸,福島県,西白河郡,福島県西白河郡西郷村小田倉中庄司4-2
2709,会津磐梯山,あいづばんだいさん,白河銘醸,福島県,西白河郡,福島県西白河郡西郷村小田倉中庄司4-2
2707,地水火風人,ちすいかふうじん,白河銘醸,福島県,西白河郡,福島県西白河郡西郷村小田倉中庄司4-2
2706,谷乃越,たにのこし,白河銘醸,福島県,西白河郡,福島県西白河郡西郷村小田倉中庄司4-2
1925,寿々乃井,すゞのい,寿々乃井酒造店,福島県,岩瀬郡,福島県岩瀬郡天栄村牧之内矢中1
1927,天栄山,てんえいざん,寿々乃井酒造店,福島県,岩瀬郡,福島県岩瀬郡天栄村牧之内矢中1
1381,寿月,じゅげつ,寿々乃井酒造店,福島県,岩瀬郡,福島県岩瀬郡天栄村牧之内矢中1
1926,羽鳥郷,はとりごう,寿々乃井酒造店,福島県,岩瀬郡,福島県岩瀬郡天栄村牧之内矢中1
3481,石背,いわせ,松崎酒造店,福島県,岩瀬郡,福島県岩瀬郡天栄村下松本要谷47-1
2703,廣戸川,,松崎酒造店,福島県,岩瀬郡,福島県岩瀬郡天栄村下松本要谷47-1
79,笹の川,ささのかわ,笹の川酒造,福島県,郡山市,福島県郡山市笹川1-178
3480,夜の森桜,よのもりさくら,笹の川酒造,福島県,郡山市,福島県郡山市笹川1-178
3759,ありがとう県警,ありがとうけんけい,笹の川酒造,福島県,郡山市,福島県郡山市笹川1-178
3307,風雲剣鬼伝 髑髏玄四郎,どくろげんしろう,渡辺酒造本店,福島県,郡山市,福島県郡山市西田町三町目桜内10
387,雪小町,ゆきこまち,渡辺酒造本店,福島県,郡山市,福島県郡山市西田町三町目桜内10
2068,穏,おだやか,仁井田本家,福島県,郡山市,福島県郡山市田村町金沢高屋敷139
78,自然酒,しぜんしゅ,仁井田本家,福島県,郡山市,福島県郡山市田村町金沢高屋敷139
2702,田村,たむら,仁井田本家,福島県,郡山市,福島県郡山市田村町金沢高屋敷139
3501,金寶,きんぽう,仁井田本家,福島県,郡山市,福島県郡山市田村町金沢高屋敷139
2989,泉山,いずみやま,小泉合名,福島県,田村郡,福島県田村郡小野町小野新町本町8
2988,清川,きよかわ,秋元酒造店,福島県,田村郡,福島県田村郡
388,あぶくま,あぶくま,玄葉本店,福島県,田村市,福島県田村市船引町船引北町通41
3801,小沢の桜,おざわのさくら,玄葉本店,福島県,田村市,福島県田村市船引町船引北町通41
3408,奥州鶴,おうしゅうつる,玄葉本店,福島県,田村市,福島県田村市船引町船引北町通41
86,南郷,なんごう,藤井酒造店,福島県,東白川郡,福島県東白川郡矢祭町戸塚41
2775,神代からの酒,かみよからのさけ,家満寿美,福島県,東白川郡,福島県東白川郡塙町植田坂ノ下15
2776,松美と里,まつみとり,家満寿美,福島県,東白川郡,福島県東白川郡塙町植田坂ノ下15
420,福賑栄,ふくにぎわい,藤田屋本店,福島県,東白川郡,福島県東白川郡
1271,三春駒,みはるこま,佐藤酒造,福島県,田村郡,福島県田村郡三春町中町67
3554,傳,でん,佐藤酒造,福島県,田村郡,福島県田村郡三春町中町67
3640,滝桜,,佐藤酒造,福島県,田村郡,福島県田村郡三春町中町67
3641,愛姫,めごひめ,佐藤酒造,福島県,田村郡,福島県田村郡三春町中町67
2701,藤乃井,ふじのい,佐藤酒造店,福島県,郡山市,福島県郡山市富久山町久保田5
1673,ひらた,ひらた,若清水酒造,福島県,石川郡,福島県石川郡平田村北方寺屋敷18
1674,三十人酒,,若清水酒造,福島県,石川郡,福島県石川郡平田村北方寺屋敷18
1642,若清水,わかしみず,若清水酒造,福島県,石川郡,福島県石川郡平田村北方寺屋敷18
3923,超,ちょう,豊国酒造,福島県,石川郡,福島県石川郡古殿町竹貫114
423,東豊国,あずまとよくに,豊国酒造,福島県,石川郡,福島県石川郡古殿町竹貫114
1971,一歩己,いぶき,豊国酒造,福島県,石川郡,福島県石川郡古殿町竹貫114
386,さかみずき,さかみずき,若関酒造,福島県,郡山市,福島県郡山市久留米2-98
385,若関,わかぜき,若関酒造,福島県,郡山市,福島県郡山市久留米2-98
1412,人気一,にんきいち,人気酒造,福島県,二本松市,福島県二本松市山田470
382,奥の松,おくのまつ,奥の松酒造,福島県,二本松市,福島県二本松市長命69
3827,遊佐,ゆさ,奥の松酒造,福島県,二本松市,福島県二本松市長命69
381,大七,だいしち,大七酒造,福島県,二本松市,福島県二本松市竹田1-66
1229,千功成,せんこうなり,檜物屋酒造店,福島県,二本松市,福島県二本松市松岡173
3503,奥州安達ヶ原,おうしゅうあだちがはら,檜物屋酒造店,福島県,二本松市,福島県二本松市松岡173
383,あだたら菊水,あだたらあきくすい,大内酒造,福島県,二本松市,福島県二本松市
401,会州一,,山口合名,福島県,会津若松市,福島県会津若松市相生町7-17
3129,儀兵衛,ぎへい,山口合名,福島県,会津若松市,福島県会津若松市相生町7-17
399,東山,ひがしやま,東山酒造,福島県,会津若松市,福島県会津若松市
398,古典写楽,,東山酒造,福島県,会津若松市,福島県会津若松市
394,天香,てんこう,柏木酒造店,福島県,会津若松市,福島県会津若松市
1311,京の華,きょうのはな,辰泉酒造,福島県,会津若松市,福島県会津若松市上町5-26
2992,鶴ヶ城,つるがじょう,辰泉酒造,福島県,会津若松市,福島県会津若松市上町5-26
1312,辰泉,たついずみ,辰泉酒造,福島県,会津若松市,福島県会津若松市上町5-26
1349,成志,せいし,辰泉酒造,福島県,会津若松市,福島県会津若松市上町5-26
1313,会津流,あいづながれ,辰泉酒造,福島県,会津若松市,福島県会津若松市上町5-26
1158,ゆり,ゆり,鶴乃江酒造,福島県,会津若松市,福島県会津若松市七日町2-46
396,会津中将,あいづちゅうじょう,鶴乃江酒造,福島県,会津若松市,福島県会津若松市七日町2-46
3663,鶴乃江,つるのえ,鶴乃江酒造,福島県,会津若松市,福島県会津若松市七日町2-46
1770,永寶屋,えいほうや,鶴乃江酒造,福島県,会津若松市,福島県会津若松市七日町2-46
402,花春,はなはる,花春酒造,福島県,会津若松市,福島県会津若松市神指町中四合小見前24-1
81,名倉山,なぐらやま,名倉山酒造,福島県,会津若松市,福島県会津若松市千石町2-46
80,会津娘,あいづむすめ,高橋庄作酒造店,福島県,会津若松市,福島県会津若松市門田町一ノ堰村東755
2714,薫鷹,くんたか,石橋酒造場,福島県,会津若松市,福島県会津若松市御旗町3-18
2715,会津灘,あいづなだ,石橋酒造場,福島県,会津若松市,福島県会津若松市御旗町3-18
397,末廣,すえひろ,末廣酒造,福島県,会津若松市,福島県会津若松市日新町12-38
2902,壺中春,こちゅうしゅん,末廣酒造,福島県,会津若松市,福島県会津若松市日新町12-38
3074,染井櫻,,末廣酒造,福島県,会津若松市,福島県会津若松市日新町12-38
395,春高楼,はるこうろう,末廣酒造,福島県,会津若松市,福島県会津若松市日新町12-38
400,会津宮泉,あいづみやいずみ,宮泉銘醸,福島県,会津若松市,福島県会津若松市東栄町8-7
1804,寫楽,,宮泉銘醸,福島県,会津若松市,福島県会津若松市東栄町8-7
1262,奈良萬,ならまん,夢心酒造,福島県,喜多方市,福島県喜多方市北町2932
415,夢心,ゆめごころ,夢心酒造,福島県,喜多方市,福島県喜多方市北町2932
83,蔵粋,くらしっく,小原酒造,福島県,喜多方市,福島県喜多方市南町2846
3670,漢字のまち喜多方,かんじのまちきたかた,小原酒造,福島県,喜多方市,福島県喜多方市南町2846
2824,国光,,小原酒造,福島県,喜多方市,福島県喜多方市南町2846
3671,喜多方ラーメン酒,きたかたらーめん,小原酒造,福島県,喜多方市,福島県喜多方市南町2846
3496,大和屋善内,やまとやぜんない,峰の雪酒造場,福島県,喜多方市,福島県喜多方市桜ガ丘1-17
3497,清川,きよかわ,峰の雪酒造場,福島県,喜多方市,福島県喜多方市桜ガ丘1-17
413,峰の雪,みねのゆき,峰の雪酒造場,福島県,喜多方市,福島県喜多方市桜ガ丘1-17
414,蔵,くら,峰の雪酒造場,福島県,喜多方市,福島県喜多方市桜ガ丘1-17
85,会津清川,あいづきよかわ,清川商店,福島県,喜多方市,福島県喜多方市2-4659
2710,吉の川,,吉の川酒造店,福島県,喜多方市,福島県喜多方市1-4635
1667,夢酔月,ゆめすいげつ,大和川酒造店,福島県,喜多方市,福島県喜多方市寺町4761
1666,大和川,やまとがわ,大和川酒造店,福島県,喜多方市,福島県喜多方市寺町4761
3674,佳き酔 歌磐梯,よきよい うたばんだい,大和川酒造店,福島県,喜多方市,福島県喜多方市寺町4761
1208,弥右衛門,やうえもん,大和川酒造店,福島県,喜多方市,福島県喜多方市寺町4761
3778,野恩,やおん,大和川酒造店,福島県,喜多方市,福島県喜多方市寺町4761
3777,彌右衛門,やうえもん,大和川酒造店,福島県,喜多方市,福島県喜多方市寺町4761
3779,奥州岩代,おうしゅういわしろ,大和川酒造店,福島県,喜多方市,福島県喜多方市寺町4761
3780,身土不二,しんどふに,大和川酒造店,福島県,喜多方市,福島県喜多方市寺町4761
84,喜多の華,きたのはな,喜多の華酒造場,福島県,喜多方市,福島県喜多方市前田4924
411,蔵太鼓,くらだいこ,喜多の華酒造場,福島県,喜多方市,福島県喜多方市前田4924
1164,星自慢,ほしじまん,喜多の華酒造場,福島県,喜多方市,福島県喜多方市前田4924
2735,金澤屋,かなざわや,喜多の華酒造場,福島県,喜多方市,福島県喜多方市前田4924
2805,雲嶺庵,うんれいあん,ほまれ酒造,福島県,喜多方市,福島県喜多方市松山町村松常盤町2706
3499,ライフプレミアム,らいふぷれみあむ,ほまれ酒造,福島県,喜多方市,福島県喜多方市松山町村松常盤町2706
416,会津ほまれ,あいづほまれ,ほまれ酒造,福島県,喜多方市,福島県喜多方市松山町村松常盤町2706
3353,からはし,からはし,ほまれ酒造,福島県,喜多方市,福島県喜多方市松山町村松常盤町2706
2806,香久山,かぐやま,香久山,福島県,喜多方市,福島県喜多方市松山町村松字常盤町2698
2711,笹正宗,ささまさむね,笹正宗酒造,福島県,喜多方市,福島県喜多方市上三宮町上三宮籬山675
391,国権,こっけん,国権酒造,福島県,南会津郡,福島県南会津郡南会津町田島上町甲4037
1292,山王丸,さんのうまる,開当男山酒造,福島県,南会津郡,福島県南会津郡南会津町中荒井久宝居785
2716,久宝居,くぼい,開当男山酒造,福島県,南会津郡,福島県南会津郡南会津町中荒井久宝居785
390,開当男山,かいとうおとこやま,開当男山酒造,福島県,南会津郡,福島県南会津郡南会津町中荒井久宝居785
3673,会津時間,あいづじかん,会津酒造,福島県,南会津郡,福島県南会津郡南会津町永田穴沢603
2811,山の井,やまのい,会津酒造,福島県,南会津郡,福島県南会津郡南会津町永田穴沢603
389,金紋会津,きんもんあいづ,会津酒造,福島県,南会津郡,福島県南会津郡南会津町永田穴沢603
1221,花泉,はないずみ,花泉酒造,福島県,南会津郡,福島県南会津郡南会津町界中田646-1
1618,ロ万,ろまん,花泉酒造,福島県,南会津郡,福島県南会津郡南会津町界中田646-1
2211,だぢゅー,だぢゅー,花泉酒造,福島県,南会津郡,福島県南会津郡南会津町界中田646-1
3865,楽器正宗,がっきまさむね,大木代吉本店,福島県,西白河郡,福島県西白河郡矢吹町本町9
3489,愛郷の輝き,あいきょうのかがやき,大木代吉本店,福島県,西白河郡,福島県西白河郡矢吹町本町9
422,自然郷さわやか,しぜんごうさわやか,大木代吉本店,福島県,西白河郡,福島県西白河郡矢吹町本町9
421,自然郷,しぜんごう,大木代吉本店,福島県,西白河郡,福島県西白河郡矢吹町本町9
2722,清鏡,きよかがみ,清鏡酒造,福島県,岩瀬郡,福島県岩瀬郡鏡石町鏡沼238
1226,大天狗,だいてんぐ,大天狗酒造,福島県,本宮市,福島県本宮市本宮九縄18
2700,奥州二本松,おうしゅうにほんまつ,大天狗酒造,福島県,本宮市,福島県本宮市本宮九縄18
2699,もとみや,もとみや,大天狗酒造,福島県,本宮市,福島県本宮市本宮九縄18
3502,智恵子,ちえこ,大天狗酒造,福島県,本宮市,福島県本宮市本宮九縄18
1705,七重郎,しちじゅうろう,稲川酒造店,福島県,耶麻郡,福島県耶麻郡猪苗代町新町4916
1704,稲川,いながわ,稲川酒造店,福島県,耶麻郡,福島県耶麻郡猪苗代町新町4916
3857,明治一,めいじいち,磐梯酒造,福島県,耶麻郡,福島県耶麻郡磐梯町磐梯金上壇2568
1764,会津桜,あいづざくら,磐梯酒造,福島県,耶麻郡,福島県耶麻郡磐梯町磐梯金上壇2568
3786,乗丹坊,じょうたんぼう,磐梯酒造,福島県,耶麻郡,福島県耶麻郡磐梯町磐梯金上壇2568
1763,磐梯山,ばんだいさん,磐梯酒造,福島県,耶麻郡,福島県耶麻郡磐梯町磐梯金上壇2568
3431,會津龍が沢,,榮川酒造,福島県,耶麻郡,福島県耶麻郡磐梯町更科中曽根平6841-11
1249,雷神光,らいじんこう,榮川酒造,福島県,耶麻郡,福島県耶麻郡磐梯町更科中曽根平6841-11
392,栄川,えいせん,榮川酒造,福島県,耶麻郡,福島県耶麻郡磐梯町更科中曽根平6841-11
393,栄四郎,えいしろう,榮川酒造,福島県,耶麻郡,福島県耶麻郡磐梯町更科中曽根平6841-11
3672,愛汗,あいかん,会津錦,福島県,喜多方市,福島県喜多方市高郷町西羽賀2524
2713,会津錦,あいづにしき,会津錦,福島県,喜多方市,福島県喜多方市高郷町西羽賀2524
2712,会津栄川,あいづさかえがわ,栄川酒造,福島県,耶麻郡,福島県耶麻郡西会津町野沢本町甲1184
1701,萬代芳,ばんだいほう,白井酒造店,福島県,大沼郡,福島県大沼郡会津美里町永井野中町1862
1702,風が吹く,かぜがふく,白井酒造店,福島県,大沼郡,福島県大沼郡会津美里町永井野中町1862
406,学十郎,がくじゅうろう,豊国酒造,福島県,河沼郡,福島県河沼郡会津坂下町市中一番甲3554
3164,豊久仁,とよくに,豊国酒造,福島県,河沼郡,福島県河沼郡会津坂下町市中一番甲3554
3713,会津正宗,あいづまさむね,豊国酒造,福島県,河沼郡,福島県河沼郡会津坂下町市中一番甲3554
1825,ばんげぼんげ,ばんげぼんげ,豊国酒造,福島県,河沼郡,福島県河沼郡会津坂下町市中一番甲3554
82,真実,しんじつ,豊国酒造,福島県,河沼郡,福島県河沼郡会津坂下町市中一番甲3554
3163,豐圀,とよくに,豊国酒造,福島県,河沼郡,福島県河沼郡会津坂下町市中一番甲3554
407,夫婦さくら,めおとさくら,豊国酒造,福島県,河沼郡,福島県河沼郡会津坂下町市中一番甲3554
3712,滄海,そうかい,豊国酒造,福島県,河沼郡,福島県河沼郡会津坂下町市中一番甲3554
3876,絆結,きゆ,曙酒造,福島県,河沼郡,福島県河沼郡会津坂下町戌亥乙2
3845,大俵引き,おおたわらひき,曙酒造,福島県,河沼郡,福島県河沼郡会津坂下町戌亥乙2
403,一生青春,いっしょうせいしゅん,曙酒造,福島県,河沼郡,福島県河沼郡会津坂下町戌亥乙2
404,天明,てんめい,曙酒造,福島県,河沼郡,福島県河沼郡会津坂下町戌亥乙2
3518,鹿狼山,かろうさん,曙酒造,福島県,河沼郡,福島県河沼郡会津坂下町戌亥乙2
3875,絆舞,きずなまい,曙酒造,福島県,河沼郡,福島県河沼郡会津坂下町戌亥乙2
408,泉川,いずみかわ,廣木酒造本店,福島県,河沼郡,福島県河沼郡会津坂下町市中二番甲3574
409,飛露喜,ひろき,廣木酒造本店,福島県,河沼郡,福島県河沼郡会津坂下町市中二番甲3574
426,みだれ髪,みだれがみ,豊田酒造場,福島県,いわき市,福島県いわき市平下神谷吉袋31
3124,花園,はなぞの,豊田酒造場,福島県,いわき市,福島県いわき市平下神谷吉袋31
3122,松の友,,豊田酒造場,福島県,いわき市,福島県いわき市平下神谷吉袋31
1502,白冨士,,冨沢酒造店,福島県,いわき市,福島県いわき市平高月1
425,美ち乃久,みちのく,常磐酒類,福島県,いわき市,福島県いわき市
2778,勇冠,ゆうかん,御代酒造店,福島県,いわき市,福島県いわき市常磐岩ヶ岡町山ノ根25
2717,太平桜,たいへいざくら,太平桜酒造,福島県,いわき市,福島県いわき市常磐下湯長谷町町下92
2777,四時川,しときがわ,四家酒造店,福島県,いわき市,福島県いわき市内郷高坂町中平14
424,又兵衛,またべえ,四家酒造店,福島県,いわき市,福島県いわき市内郷高坂町中平14
2719,勿来の関,なこそのせき,鷺酒造店,福島県,いわき市,福島県いわき市植田町中央1-4-4
2718,清福,せいふく,鷺酒造店,福島県,いわき市,福島県いわき市植田町中央1-4-4
2721,三郎,さぶろう,馬場酒造本店,福島県,双葉郡,福島県双葉郡
2720,樂實,たのしみ,馬場酒造本店,福島県,双葉郡,福島県双葉郡
1270,天王山,てんのうざん,上田善治郎商店,福島県,双葉郡,福島県双葉郡
1338,土耕ん醸,どこんじょう,鈴木酒造店,福島県,双葉郡,福島県双葉郡浪江町請戸東向10
1337,磐城壽,,鈴木酒造店,福島県,双葉郡,福島県双葉郡浪江町請戸東向10
1976, 虹乃井,にじのい,虎屋本店,栃木県,宇都宮市,栃木県宇都宮市本町4-12
3675,喜連川 やすらぎの里,きつれがわ やすらぎのさと,虎屋本店,栃木県,宇都宮市,栃木県宇都宮市本町4-12
1975,七水,しちすい,虎屋本店,栃木県,宇都宮市,栃木県宇都宮市本町4-12
1974,菊,きく,虎屋本店,栃木県,宇都宮市,栃木県宇都宮市本町4-12
92,大英勇,だいえいゆう,小林杢三郎商店,栃木県,宇都宮市,栃木県宇都宮市
450,七井,ななついど,小林杢三郎商店,栃木県,宇都宮市,栃木県宇都宮市
3274,極一滴雫酒,きわみいってきしずくざけ,島崎酒造,栃木県,那須烏山市,栃木県那須烏山市中央1-11-18
1329,東力士,あずまりきし,島崎酒造,栃木県,那須烏山市,栃木県那須烏山市中央1-11-18
3678,廣重の郷 浮世酒,ひろしげのさと うきよざけ,島崎酒造,栃木県,那須烏山市,栃木県那須烏山市中央1-11-18
3273,熟露枯,うろこ,島崎酒造,栃木県,那須烏山市,栃木県那須烏山市中央1-11-18
449,四季桜,しきさくら,宇都宮酒造,栃木県,宇都宮市,栃木県宇都宮市柳田町248
1989,天琴,てんきん,外池荘五郎商店,栃木県,宇都宮市,栃木県宇都宮市石井町1818-3
1988,東錦,あずまにしき,外池荘五郎商店,栃木県,宇都宮市,栃木県宇都宮市石井町1818-3
451,日光誉,にっこうほまれ,渡辺佐平商店,栃木県,日光市,栃木県日光市今市450
94,清開,せいかい,渡辺佐平商店,栃木県,日光市,栃木県日光市今市450
1604,柏盛,かしわざかり,片山酒造,栃木県,日光市,栃木県日光市瀬川146-2
3575,日光路,にっこうじ,片山酒造,栃木県,日光市,栃木県日光市瀬川146-2
452,惣誉,そうほまれ,惣誉酒造,栃木県,芳賀郡,栃木県芳賀郡市貝町上根539
1981,泉月花,せんげつか,島崎泉治商店,栃木県,芳賀郡,栃木県芳賀郡茂木町茂木辺1720
1984,島﨑雲圃,しまざきうんぽ,島崎泉治商店,栃木県,芳賀郡,栃木県芳賀郡茂木町茂木辺1720
1983,栄屋利兵衛,さかえやりへえ,島崎泉治商店,栃木県,芳賀郡,栃木県芳賀郡茂木町茂木辺1720
1982,棚田の雫,たなだのしずく,島崎泉治商店,栃木県,芳賀郡,栃木県芳賀郡茂木町茂木辺1720
2779,望bo:,ぼう,外池酒造店,栃木県,芳賀郡,栃木県芳賀郡益子町塙333-1
1762,燦爛,さんらん,外池酒造店,栃木県,芳賀郡,栃木県芳賀郡益子町塙333-1
3247,世は満続,よはまんぞく,辻善兵衛商店,栃木県,真岡市,栃木県真岡市田町1041-1
3246,辻寛之,つじひろゆき,辻善兵衛商店,栃木県,真岡市,栃木県真岡市田町1041-1
3248,辻風,つじかぜ,辻善兵衛商店,栃木県,真岡市,栃木県真岡市田町1041-1
1469,辻善兵衛,つじぜんべえ,辻善兵衛商店,栃木県,真岡市,栃木県真岡市田町1041-1
1468,桜川,さくらがわ,辻善兵衛商店,栃木県,真岡市,栃木県真岡市田町1041-1
1616,姿,すがた,飯沼銘醸,栃木県,栃木市,栃木県栃木市西方町元850
3215,SG,えすじー,飯沼銘醸,栃木県,栃木市,栃木県栃木市西方町元850
1465,杉並木,すぎなみき,飯沼銘醸,栃木県,栃木市,栃木県栃木市西方町元850
455,万延,まんえん,若駒酒造,栃木県,小山市,栃木県小山市小薬169-1
456,若駒,わかこま,若駒酒造,栃木県,小山市,栃木県小山市小薬169-1
1724,善十郎,ぜんじゅうろう,若駒酒造,栃木県,小山市,栃木県小山市小薬169-1
454,羽衣伝説,はごろもでんせつ,若駒酒造,栃木県,小山市,栃木県小山市小薬169-1
3238,鴎樹,おうじゅ,杉田酒造,栃木県,小山市,栃木県小山市上泉237
1986,発光路強力,ほっこうじごうりき,杉田酒造,栃木県,小山市,栃木県小山市上泉237
3836,出流山,いづるさん,杉田酒造,栃木県,小山市,栃木県小山市上泉237
1985,雄東正宗,ゆうとうまさむね,杉田酒造,栃木県,小山市,栃木県小山市上泉237
2680,三福,さんぷく,三福酒造,栃木県,小山市,栃木県小山市南小林87
95,鳳凰美田,ほうおうびでん,小林酒造,栃木県,小山市,栃木県小山市卒島743
453,美田鶴,びでんづる,小林酒造,栃木県,小山市,栃木県小山市卒島743
1990,藤の盛,ふじのもり,平山酒造店,栃木県,大田原市,栃木県大田原市羽田1136
3262,池嶋,いけじま,池島酒造,栃木県,大田原市,栃木県大田原市下石上1227
3263,質素堅実,しっそけんじつ,池島酒造,栃木県,大田原市,栃木県大田原市下石上1227
1973,池錦,いけにしき,池島酒造,栃木県,大田原市,栃木県大田原市下石上1227
1991,鳳鸞,ほうらん,鳳鸞酒造,栃木県,大田原市,栃木県大田原市住吉町1-1-28
3679,桜の郷 喜連川,さくらのさと きつれがわ,渡辺酒造,栃木県,大田原市,栃木県大田原市須佐木797-1
1568,たまか,たまか,渡辺酒造,栃木県,大田原市,栃木県大田原市須佐木797-1
1567,旭興,きょくこう,渡辺酒造,栃木県,大田原市,栃木県大田原市須佐木797-1
96,天鷹,てんたか,天鷹酒造,栃木県,大田原市,栃木県大田原市蛭畑2166
1473,大那,だいな,菊の里酒造,栃木県,大田原市,栃木県大田原市片府田302-2
3649,鹿沼娘,かぬまむすめ,菊の里酒造,栃木県,大田原市,栃木県大田原市片府田302-2
1942,福寿松の井,ふくじゅまつのい,白相酒造,栃木県,那須郡,栃木県那須郡小川町715-2
1943,御用邸,ごようてい,白相酒造,栃木県,那須郡,栃木県那須郡小川町715-2
1941,とちあかね,とちあかね,白相酒造,栃木県,那須郡,栃木県那須郡小川町715-2
3587,寿一番,ことぶきいちばん,金子酒造,栃木県,那須郡那,栃木県那須郡那珂川町馬頭354
3586,栄冠,えいかん,金子酒造,栃木県,那須郡那,栃木県那須郡那珂川町馬頭354
3588,鳴竜,なきりゅう,金子酒造,栃木県,那須郡那,栃木県那須郡那珂川町馬頭354
3667,尊氏,たかうじ,和泉酒造店,栃木県,足利市,栃木県足利市助戸3-395
1992,初戎,はつえびす,吉井酒造,栃木県,佐野市,栃木県佐野市金屋下町2445
1112,華囲香,かいか,第一酒造,栃木県,佐野市,栃木県佐野市田島町488
459,開華,かいか,第一酒造,栃木県,佐野市,栃木県佐野市田島町488
3479,開花,かいか,第一酒造,栃木県,佐野市,栃木県佐野市田島町488
1327,愛乃澤,あいのさわ,相沢酒造,栃木県,佐野市,栃木県佐野市堀米町3954-1
1328,旭城,きょくじょう,相沢酒造,栃木県,佐野市,栃木県佐野市堀米町3954-1
2651,森羅万象,しんらばんしょう,北関酒造,栃木県,栃木市,栃木県栃木市田村町480
1978,北冠,ほっかん,北関酒造,栃木県,栃木市,栃木県栃木市田村町480
1325,若盛,わかざかり,西堀酒造,栃木県,小山市,栃木県小山市粟宮1452
2913,西堀,にしぼり,西堀酒造,栃木県,小山市,栃木県小山市粟宮1452
1326,門外不出,もんがいふしゅつ,西堀酒造,栃木県,小山市,栃木県小山市粟宮1452
3676,樺山,かばやま,井上清吉商店,栃木県,宇都宮市,栃木県宇都宮市白沢町1901-1
93,澤姫,さわひめ,井上清吉商店,栃木県,宇都宮市,栃木県宇都宮市白沢町1901-1
2895,霧降,きりふり,せんきん,栃木県,さくら市,栃木県さくら市馬場106
1619,葵日光,あおいにっこう,せんきん,栃木県,さくら市,栃木県さくら市馬場106
3677,羽水,うすい,せんきん,栃木県,さくら市,栃木県さくら市馬場106
457,仙禽,せんきん,せんきん,栃木県,さくら市,栃木県さくら市馬場106
1210,富美川,とみかわ,富川酒造店,栃木県,矢板市,栃木県矢板市大槻998
1209,忠愛,ちゅうあい,富川酒造店,栃木県,矢板市,栃木県矢板市大槻998
1980,新郎,しんろう,小島酒造店,栃木県,塩谷郡,栃木県塩谷郡塩谷町風見1185
1979,かんなびの里,かんなびのさと,小島酒造店,栃木県,塩谷郡,栃木県塩谷郡塩谷町風見1185
458,松の寿,まつのことぶき,松井酒造店,栃木県,塩谷郡,栃木県塩谷郡塩谷町船生3683
97,十一正宗,じゅういちまさむね,森戸酒造,栃木県,矢板市,栃木県矢板市東泉645
1816,朝日栄,あさひさかえ,相良酒造,栃木県,栃木市,栃木県栃木市岩舟町静3624
3837,酒善,さけよし,相良酒造,栃木県,栃木市,栃木県栃木市岩舟町静3624
3582,三毳山,みかもやま,相良酒造,栃木県,栃木市,栃木県栃木市岩舟町静3624
1977,黒龍,こくりゅう,大平酒造,栃木県,栃木市,栃木県栃木市大平町下皆川747
2504,誠の心,まことのこころ,山崎酒造,群馬県,太田市,群馬県太田市新田木崎町966
2502,太平記の里,たいへいきのさと,山崎酒造,群馬県,太田市,群馬県太田市新田木崎町966
2503,日本譽,にほんほまれ,山崎酒造,群馬県,太田市,群馬県太田市新田木崎町966
1499,利根川育ち,とねがわそだち,山川酒造,群馬県,邑楽郡,群馬県邑楽郡千代田町赤岩185-3
1498,光東,こうとう,山川酒造,群馬県,邑楽郡,群馬県邑楽郡千代田町赤岩185-3
2493,観音桜,かんのんさくら,岡村合名,群馬県,高崎市,群馬県高崎市台町5
2494,泉末広,いずみすえひろ,岡村合名,群馬県,高崎市,群馬県高崎市台町5
2195,朝日桜,あさひざくら,美峰酒類,群馬県,高崎市,群馬県高崎市歌川町1
2196,蔵自慢,くらじまん,美峰酒類,群馬県,高崎市,群馬県高崎市歌川町1
1570,太平人,たいへいじん,町田酒造店,群馬県,佐波郡,群馬県佐波郡玉村町下新田619
1543,ふじ泉,,井田酒造,群馬県,佐波郡,群馬県佐波郡玉村町上新田1626
2498,寒桜,かんざくら,藤崎摠兵衛商店 鬼石支店,群馬県,藤岡市,群馬県鬼石支店〒370-1401 群馬県
2497,鬼面山,きめんざん,藤崎摠兵衛商店 鬼石支店,群馬県,藤岡市,群馬県鬼石支店〒370-1401 群馬県
1492,聖徳,せいとく,聖徳銘醸,群馬県,甘楽郡,群馬県甘楽郡甘楽町白倉686-1
1493,妙義山,みょうぎさん,聖徳銘醸,群馬県,甘楽郡,群馬県甘楽郡甘楽町白倉686-1
3653,蔵群,くらむれ,聖徳銘醸,群馬県,甘楽郡,群馬県甘楽郡甘楽町白倉686-1
1494,城下町小幡,じょうかまちおばた,聖徳銘醸,群馬県,甘楽郡,群馬県甘楽郡甘楽町白倉686-1
1914,夢二ものがたり,ゆめじものがたり,牧野酒造,群馬県,高崎市,群馬県高崎市倉渕町権田2625-1
3806,高崎,たかさき,牧野酒造,群馬県,高崎市,群馬県高崎市倉渕町権田2625-1
98,大盃,おおさかずき,牧野酒造,群馬県,高崎市,群馬県高崎市倉渕町権田2625-1
1915,榛名山,はるなさん,牧野酒造,群馬県,高崎市,群馬県高崎市倉渕町権田2625-1
3805,馥露酣,ふくろかん,牧野酒造,群馬県,高崎市,群馬県高崎市倉渕町権田2625-1
1298,船尾瀧,ふなおたき,柴崎酒造,群馬県,北群馬郡,群馬県北群馬郡吉岡町下野田649-1
465,聖人,せいじん,伴内酒造店,群馬県,前橋市,群馬県前橋市
467,勝楽雅和,かつらがわ,柳澤酒造,群馬県,前橋市,群馬県前橋市粕川町深津104-2
3646,絶滅危惧酒,ぜつめつきぐしゅ,柳澤酒造,群馬県,前橋市,群馬県前橋市粕川町深津104-2
1471,結人,むすびと,柳澤酒造,群馬県,前橋市,群馬県前橋市粕川町深津104-2
466,桂川,かつらがわ,柳澤酒造,群馬県,前橋市,群馬県前橋市粕川町深津104-2
463,君乃松,きみのまつ,七ツ星醸造,群馬県,前橋市,群馬県前橋市大胡町12
464,暴れ獅子,あばれじし,七ツ星醸造,群馬県,前橋市,群馬県前橋市大胡町12
2505,利根鶴,とねつる,太刀川酒造,群馬県,太田市,群馬県太田市
474,群馬泉,ぐんまいずみ,島岡酒造,群馬県,太田市,群馬県太田市由良町375-2
1911,むつらぼし,むつらぼし,今井酒造店,群馬県,太田市,群馬県太田市鳥山中町746-2
1909,新田山,にいたやま,今井酒造店,群馬県,太田市,群馬県太田市鳥山中町746-2
1910,神龍,しんりゅう,今井酒造店,群馬県,太田市,群馬県太田市鳥山中町746-2
1908,風まかせ,かぜまかせ,今井酒造店,群馬県,太田市,群馬県太田市鳥山中町746-2
1127,男一心,おとこいっしん,分福酒造,群馬県,館林市,群馬県館林市仲町3-15
1149,分福,ぶんぶく,分福酒造,群馬県,館林市,群馬県館林市仲町3-15
473,尾瀬の雪どけ,おぜのゆきどけ,龍神酒造,群馬県,館林市,群馬県館林市西本町7-13
1622,龍神,りゅうじん,龍神酒造,群馬県,館林市,群馬県館林市西本町7-13
2501,榮万寿,,清水屋酒造,群馬県,館林市,群馬県館林市台宿町3-10
1162,平井城,ひらいじょう,松屋酒造,群馬県,藤岡市,群馬県藤岡市藤岡180
2496,流輝,るか,松屋酒造,群馬県,藤岡市,群馬県藤岡市藤岡180
2495,ねむり酒,ねむりざけ,松屋酒造,群馬県,藤岡市,群馬県藤岡市藤岡180
468,當選,とうせん,松屋酒造,群馬県,藤岡市,群馬県藤岡市藤岡180
1544,三波石,さんばせき,田島酒造店,群馬県,藤岡市,群馬県藤岡市神田899
1754,巌,いわお,高井,群馬県,藤岡市,群馬県藤岡市鮎川138
3308,福榮,,奥村酒造,群馬県,みどり市,群馬県みどり市
100,起龍,きりゅう,奥村酒造,群馬県,みどり市,群馬県みどり市
3309,上州っ子,じょうしゅうっこ,奥村酒造,群馬県,みどり市,群馬県みどり市
101,赤城山,あかぎさん,近藤酒造,群馬県,みどり市,群馬県みどり市大間々町大間々1002
3106,入駒,いりこま,聖酒造,群馬県,渋川市,群馬県渋川市北橘町下箱田380
2958,からっ風,からっかぜ,聖酒造,群馬県,渋川市,群馬県渋川市北橘町下箱田380
2955,木曽川,きそがわ,聖酒造,群馬県,渋川市,群馬県渋川市北橘町下箱田380
1146,関東の華,かんとうのはな,聖酒造,群馬県,渋川市,群馬県渋川市北橘町下箱田380
2954,駒正宗,こままさむね,聖酒造,群馬県,渋川市,群馬県渋川市北橘町下箱田380
2956,聖,ひじり,聖酒造,群馬県,渋川市,群馬県渋川市北橘町下箱田380
2957,酒屋 傳兵衛,さかや でんべえ,聖酒造,群馬県,渋川市,群馬県渋川市北橘町下箱田380
2959,咲耶美,さくやび,貴娘酒造,群馬県,吾妻郡,群馬県吾妻郡中之条町大塚1768-2
469,貴娘,きむすめ,貴娘酒造,群馬県,吾妻郡,群馬県吾妻郡中之条町大塚1768-2
2962,風の詩,かぜのうた,貴娘酒造,群馬県,吾妻郡,群馬県吾妻郡中之条町大塚1768-2
2963,牧水の詩,ぼくすいのうた,貴娘酒造,群馬県,吾妻郡,群馬県吾妻郡中之条町大塚1768-2
1383,秘幻,ひげん,浅間酒造,群馬県,吾妻郡,群馬県吾妻郡長野原町長野原30-8
2960,つま恋美人,つまごいびじん,浅間酒造,群馬県,吾妻郡,群馬県吾妻郡長野原町長野原30-8
2961,草津節,くさつぶし,浅間酒造,群馬県,吾妻郡,群馬県吾妻郡長野原町長野原30-8
1470,浅間山,あさまやま,浅間酒造,群馬県,吾妻郡,群馬県吾妻郡長野原町長野原30-8
2500,尾瀬のあわ雪,おぜのあわゆき,永井本家,群馬県,沼田市,群馬県沼田市下発知町703
470,利根錦,とねにしき,永井本家,群馬県,沼田市,群馬県沼田市下発知町703
2499,誉国光,ほまれこっこう,土田酒造,群馬県,利根郡,群馬県利根郡川場村川場湯原2691
2864,土田,つちだ,土田酒造,群馬県,利根郡,群馬県利根郡川場村川場湯原2691
99,水芭蕉,みずばしょう,永井酒造,群馬県,利根郡,群馬県利根郡川場村門前713
472,谷川岳,たにがわだけ,永井酒造,群馬県,利根郡,群馬県利根郡川場村門前713
3643,花一匁,はないちもんめ,大利根酒造,群馬県,沼田市,群馬県沼田市白沢町高平1306-2
3285,沼田城,ぬまたじょう,大利根酒造,群馬県,沼田市,群馬県沼田市白沢町高平1306-2
471,左大臣,さだいじん,大利根酒造,群馬県,沼田市,群馬県沼田市白沢町高平1306-2
460,黒松正泉,くろまつまさいずみ,森本酒造,群馬県,前橋市,群馬県前橋市
461,赤城の寒梅,あかぎのかんばい,森本酒造,群馬県,前橋市,群馬県前橋市
462,自然酒,しぜんしゅ,森本酒造,群馬県,前橋市,群馬県前橋市
1407,清りょう,せいりょう,町田酒造店,群馬県,前橋市,群馬県前橋市駒形町65
1569,町田酒造,まちだしゅぞう,町田酒造店,群馬県,前橋市,群馬県前橋市駒形町65
446,かっぱ桜,かっぱざくら,賜杯桜酒造,茨城県,取手市,茨城県取手市和田1010
442,霧筑波,きりつくば,浦里酒造店,茨城県,つくば市,茨城県つくば市吉沼982
1157,一人娘,ひとりむすめ,山中酒造店,茨城県,常総市,茨城県常総市新石下187
2410,紬美人,つむぎびじん,野村醸造,茨城県,常総市,茨城県常総市本石下2052
2404,男女川,みなのがわ,稲葉酒造場,茨城県,つくば市,茨城県つくば市沼田1485
2935,神仙,しんせん,稲葉酒造場,茨城県,つくば市,茨城県つくば市沼田1485
2405,すてら,すてら,稲葉酒造場,茨城県,つくば市,茨城県つくば市沼田1485
2407,真壁,まかべ,村井醸造,茨城県,桜川市,茨城県桜川市真壁町真壁72
1388,公明,こうめい,村井醸造,茨城県,桜川市,茨城県桜川市真壁町真壁72
2409,海世紀,かいせいき,西岡本店,茨城県,桜川市,茨城県桜川市真壁町田6-1
2408,花の井,はなのい,西岡本店,茨城県,桜川市,茨城県桜川市真壁町田6-1
2406,正気,せいき,軽部酒造店,茨城県,桜川市,茨城県桜川市真壁町東矢貝590
1160,真向勝負,まっこうしょうぶ,来福酒造,茨城県,筑西市,茨城県筑西市村田1626
3036,桐の華,きりのはな,来福酒造,茨城県,筑西市,茨城県筑西市村田1626
3035,魔愚魔,まぐま,来福酒造,茨城県,筑西市,茨城県筑西市村田1626
3737,筑西,ちくせい,来福酒造,茨城県,筑西市,茨城県筑西市村田1626
447,来福,らいふく,来福酒造,茨城県,筑西市,茨城県筑西市村田1626
3659,秀緑,しゅうろく,来福酒造,茨城県,筑西市,茨城県筑西市村田1626
2400,牡丹正宗,ぼたんまさむね,岡田酒造店,茨城県,龍ケ崎市,茨城県龍ケ崎市光順田2920-1
2402,君萬代,きみばんだい,田中酒造店,茨城県,取手市,茨城県取手市取手2-13-35
2401,金門,きんもん,金門酒造,茨城県,取手市,茨城県取手市青柳65
91,京の夢,きょうのゆめ,竹村酒造店,茨城県,常総市 ,茨城県常総市
3277,富士龍,ふじりゅう,竹村酒造店,茨城県,常総市 ,茨城県常総市
3278,瑠璃,るり,竹村酒造店,茨城県,常総市 ,茨城県常総市
3279,やわら三万石,やわらさんまんごく,竹村酒造店,茨城県,常総市 ,茨城県常総市
2415,十大,じゅうだい,青木酒造,茨城県,古河市,茨城県古河市本町2-15-11
2414,御慶事,ごけいじ,青木酒造,茨城県,古河市,茨城県古河市本町2-15-11
3861,二才の醸,にさいのかもし,青木酒造,茨城県,古河市,茨城県古河市本町2-15-11
2416,徳正宗,とくまさむね,萩原酒造,茨城県,猿島郡,茨城県猿島郡境町565-1
1124,秀緑,しゅうろく,大塚酒造,茨城県,坂東市,茨城県坂東市
448,武勇,ぶゆう,武勇,茨城県,結城市,茨城県結城市結城144
2411,結,ゆい,結城酒造,茨城県,結城市,茨城県結城市結城1589
2412,富久福,ふくふく,結城酒造,茨城県,結城市,茨城県結城市結城1589
2413,つむぎ娘,つむぎむすめ,結城酒造,茨城県,結城市,茨城県結城市結城1589
2389,桜川,さくらがわ,堀川酒造店,茨城県,桜川市,茨城県桜川市岩瀬178-1
2388,東海,とうかい,武藤酒類醸造,茨城県,笠間市,茨城県笠間市笠間1180
88,二波山松緑,ふたばさんまつみどり,笹目宗兵衛商店,茨城県,笠間市,茨城県笠間市笠間1339
87,稲里,いなさと,磯蔵酒造,茨城県,笠間市,茨城県笠間市稲田2281-1
1081,郷乃誉,さとのほまれ,須藤本家,茨城県,笠間市,茨城県笠間市小原2125
2387,瀧紅葉,たきもみじ, 瀧田酒造店,茨城県,水戸市,茨城県瀧田酒造店〒310-0031 茨城県
2386,三ツ扇,みつおうぎ, 瀧田酒造店,茨城県,水戸市,茨城県瀧田酒造店〒310-0031 茨城県
1314,一品,いっぴん,吉久保酒造,茨城県,水戸市,茨城県水戸市本町3-9-5
2736,百歳,ひゃくさい,吉久保酒造,茨城県,水戸市,茨城県水戸市本町3-9-5
427,副将軍,ふくしょうぐん,明利酒類,茨城県,水戸市,茨城県水戸市元吉田町338
3714,瑞鳳紫山,ずいほうしざん,明利酒類,茨城県,水戸市,茨城県水戸市元吉田町338
3612,水府自慢,すいふじまん,明利酒類,茨城県,水戸市,茨城県水戸市元吉田町338
2365,小倉山,おぐらやま,明利酒類,茨城県,水戸市,茨城県水戸市元吉田町338
3494,木内,きうち,木内酒造,茨城県,那珂市,茨城県那珂市鴻巣1257
90,菊盛,きくさかり,木内酒造,茨城県,那珂市,茨城県那珂市鴻巣1257
2393,朝日正宗,あさひまさむね,檜山酒造,茨城県,常陸太田市,茨城県常陸太田市
2392,千姫,せんひめ,檜山酒造,茨城県,常陸太田市,茨城県常陸太田市
2391,光圀,みつくに,檜山酒造,茨城県,常陸太田市,茨城県常陸太田市
2394,日乃出鶴,ひのでつる,井坂酒造店,茨城県,常陸太田市,茨城県常陸太田市小中町187
433,東魁山,とうかいざん,東魁酒造,茨城県,常陸太田市,茨城県常陸太田市
1347,月の井,つきのい,月の井酒造店,茨城県,東茨城郡,茨城県東茨城郡大洗町磯浜町638
439,愛友,あいゆう,愛友酒造,茨城県,潮来市,茨城県潮来市辻205
3270,霰降,あられふり,愛友酒造,茨城県,潮来市,茨城県潮来市辻205
3271,友寿,ともじゅ,愛友酒造,茨城県,潮来市,茨城県潮来市辻205
2398,文華,ぶんか,遠峰酒造,茨城県,潮来市,茨城県潮来市潮来209
1395,幾久一,きくいち,伊能酒造店,茨城県,小美玉市,茨城県小美玉市
2399,東竹乃葉,あずまたけのは,竹乃葉酒造,茨城県,行方市,茨城県行方市四鹿30
3834,悪代官,あくだいかん,岡部合名,茨城県,常陸太田市,茨城県常陸太田市小沢町2335
1343,黄門ばやし,こうもんばやし,岡部合名,茨城県,常陸太田市,茨城県常陸太田市小沢町2335
3829,金波寒月,きんぱかんげつ,岡部合名,茨城県,常陸太田市,茨城県常陸太田市小沢町2335
3830,竜神バンジー,りゅうじんばんじー,岡部合名,茨城県,常陸太田市,茨城県常陸太田市小沢町2335
3831,岡部,おかべ,岡部合名,茨城県,常陸太田市,茨城県常陸太田市小沢町2335
3832,ご縁だね,ごえんだね,岡部合名,茨城県,常陸太田市,茨城県常陸太田市小沢町2335
3833,昼下がりのランデヴー,ひるさがりのらんでゔー,岡部合名,茨城県,常陸太田市,茨城県常陸太田市小沢町2335
1344,助さん格さん,すけさんかくさん,岡部合名,茨城県,常陸太田市,茨城県常陸太田市小沢町2335
2765,茨苑,しえん,岡部合名,茨城県,常陸太田市,茨城県常陸太田市小沢町2335
3736,穂内郷,ほないごう,岡部合名,茨城県,常陸太田市,茨城県常陸太田市小沢町2335
1342,松盛,まつざかり,岡部合名,茨城県,常陸太田市,茨城県常陸太田市小沢町2335
3441,順子,じゅんこ,剛烈富永酒造店,茨城県,常陸太田市,茨城県常陸太田市大里町3401
2390,剛烈,ごうれつ,剛烈富永酒造店,茨城県,常陸太田市,茨城県常陸太田市大里町3401
429,富久酔,ふくよい,太田銘醸,茨城県,常陸太田市,茨城県常陸太田市松平町1074
444,太平海,たいへいかい,府中誉,茨城県,石岡市,茨城県石岡市国府5-9-32
3173,さきがけ,さきがけ,府中誉,茨城県,石岡市,茨城県石岡市国府5-9-32
443,渡舟,わたりぶね,府中誉,茨城県,石岡市,茨城県石岡市国府5-9-32
1138,府中誉,ふちゅうほまれ,府中誉,茨城県,石岡市,茨城県石岡市国府5-9-32
1142,寿山,じゅざん,石岡酒造,茨城県,石岡市,茨城県石岡市東大橋2972
1141,筑波,つくば,石岡酒造,茨城県,石岡市,茨城県石岡市東大橋2972
1143,酔鶴,よいづる,石岡酒造,茨城県,石岡市,茨城県石岡市東大橋2972
2791,いしおか恋瀬姫,いしおかこいせひめ,石岡酒造,茨城県,石岡市,茨城県石岡市東大橋2972
2785,白鹿,はくしか,石岡酒造,茨城県,石岡市,茨城県石岡市東大橋2972
440,白菊,しらぎく,白菊酒造,茨城県,石岡市,茨城県石岡市高浜880　白菊酒造
441,つくばの紅梅一輪,つくばのこうばいいちりん,白菊酒造,茨城県,石岡市,茨城県石岡市高浜880　白菊酒造
2786,オヤジナカセ,おやじなかせ,白菊酒造,茨城県,石岡市,茨城県石岡市高浜880　白菊酒造
2403,富士泉,ふじいずみ,藤田酒造店,茨城県,石岡市,茨城県石岡市井関994-1
434,恵泉,けいせん,嶋崎酒造,茨城県,日立市,茨城県日立市鮎川町4-2-8
435,玉の雫,たまのしずく,嶋崎酒造,茨城県,日立市,茨城県日立市鮎川町4-2-8
2395,二人舞台,ふたりぶたい,宏和商工 日立酒造工場,茨城県,日立市,茨城県日立酒造工場〒319-1304 茨城県
3706,十王蔵,じゅうおうぐら,宏和商工 日立酒造工場,茨城県,日立市,茨城県日立酒造工場〒319-1304 茨城県
3360,Any.,えにぃ,宏和商工 日立酒造工場,茨城県,日立市,茨城県日立酒造工場〒319-1304 茨城県
1315,富久心,ふくごころ,椎名酒造店,茨城県,日立市,茨城県日立市十王町高原411
3711,日立盛,ひたちざかり,森島酒造,茨城県,日立市,茨城県日立市川尻町1-17-7
438,大観,たいかん,森島酒造,茨城県,日立市,茨城県日立市川尻町1-17-7
2396,住の友,すみのとも,住の友酒造,茨城県,北茨城市,茨城県北茨城市平潟町465
2397,天心抄,てんしんしょう,住の友酒造,茨城県,北茨城市,茨城県北茨城市平潟町465
89,酔富,すいふ,酔富銘醸,茨城県,常陸大宮市,茨城県常陸大宮市
437,久慈の山,くじのやま,根本酒造,茨城県,常陸大宮市,茨城県常陸大宮市
3071,カミマル,かみまる,根本酒造,茨城県,常陸大宮市,茨城県常陸大宮市
3591,月居姫,つきおれひめ,珂北酒造,茨城県,久慈郡,茨城県久慈郡大子町内大野1887
3589,旭桜,あさひざくら,珂北酒造,茨城県,久慈郡,茨城県久慈郡大子町内大野1887
3592,清香酒,せいこうしゅ,珂北酒造,茨城県,久慈郡,茨城県久慈郡大子町内大野1887
3590,袋田紀行,ふくろだきこう,珂北酒造,茨城県,久慈郡,茨城県久慈郡大子町内大野1887
431,霊水八溝,れいすいやみぞ,家久長本店,茨城県,久慈郡,茨城県久慈郡大子町大子248-1
432,四度の瀧,よどのたき,家久長本店,茨城県,久慈郡,茨城県久慈郡大子町大子248-1
430,家久長,かくちょう,家久長本店,茨城県,久慈郡,茨城県久慈郡大子町大子248-1
475,九重桜,ここのえざくら,大瀧酒造,埼玉県,さいたま市,埼玉県さいたま市見沼区膝子663
1672,鷲泉,わしいづみ,大瀧酒造,埼玉県,さいたま市,埼玉県さいたま市見沼区膝子663
1879,大五郎,だいごろう,小山本家酒造,埼玉県,さいたま市,埼玉県さいたま市西区指扇1798
2509,米一途,こめいちず,小山本家酒造,埼玉県,さいたま市,埼玉県さいたま市西区指扇1798
2507,武蔵男山,むさしおとこやま,小山本家酒造,埼玉県,さいたま市,埼玉県さいたま市西区指扇1798
2506,金紋世界鷹,きんもんせかいたか,小山本家酒造,埼玉県,さいたま市,埼玉県さいたま市西区指扇1798
2942,武蔵之国一之宮 鬼ころし,むさしのくにいちのみや おにころし,小山本家酒造,埼玉県,さいたま市,埼玉県さいたま市西区指扇1798
1878,くらのすけ,くらのすけ,小山本家酒造,埼玉県,さいたま市,埼玉県さいたま市西区指扇1798
445,賜杯桜,しはいざくら,小山本家酒造,埼玉県,さいたま市,埼玉県さいたま市西区指扇1798
2508,都鷹,みやこたか,小山本家酒造,埼玉県,さいたま市,埼玉県さいたま市西区指扇1798
2770,二八,にはち,小山本家酒造,埼玉県,さいたま市,埼玉県さいたま市西区指扇1798
1564,旭正宗,あさひまさむね,内木酒造,埼玉県,さいたま市,埼玉県さいたま市桜区西堀6-13-15
3720,​鳳翔閣,ほうしょうかく,内木酒造,埼玉県,さいたま市,埼玉県さいたま市桜区西堀6-13-15
2530,瑞薫,ずいくん,鈴木酒造,埼玉県,さいたま市,埼玉県さいたま市岩槻区本町4-8-24
2531,大手門,おおてもん,鈴木酒造,埼玉県,さいたま市,埼玉県さいたま市岩槻区本町4-8-24
3852,岩槻,いわつき,鈴木酒造,埼玉県,さいたま市,埼玉県さいたま市岩槻区本町4-8-24
2529,万両,まんりょう,鈴木酒造,埼玉県,さいたま市,埼玉県さいたま市岩槻区本町4-8-24
3018,健誠,,石井酒造,埼玉県,幸手市,埼玉県幸手市南2-6-11
3016,権現桜,ごんげんざくら,石井酒造,埼玉県,幸手市,埼玉県幸手市南2-6-11
3859,二才の醸,にさいのかもし,石井酒造,埼玉県,幸手市,埼玉県幸手市南2-6-11
3022,石井屋欣兵衛,いしいやきんべえ,石井酒造,埼玉県,幸手市,埼玉県幸手市南2-6-11
3021,幸手,さって,石井酒造,埼玉県,幸手市,埼玉県幸手市南2-6-11
2533, 初緑,はつみどり,石井酒造,埼玉県,幸手市,埼玉県幸手市南2-6-11
2532,豊明,ほうめい,石井酒造,埼玉県,幸手市,埼玉県幸手市南2-6-11
3019,彩の原石 幸,さいのげんせき さち,石井酒造,埼玉県,幸手市,埼玉県幸手市南2-6-11
3017,花あかり,はなあかり,石井酒造,埼玉県,幸手市,埼玉県幸手市南2-6-11
3023,ゆめ静,ゆめしずか,石井酒造,埼玉県,幸手市,埼玉県幸手市南2-6-11
3255,酒酒酒 Chou Chou Chou,しゅしゅしゅ,石井酒造,埼玉県,幸手市,埼玉県幸手市南2-6-11
3419,すぎと七福神,すぎとしちふくじん,関口酒造,埼玉県,北葛飾郡,埼玉県北葛飾郡杉戸町清地2-1-16
2535,杉戸宿,すぎとじゅく,関口酒造,埼玉県,北葛飾郡,埼玉県北葛飾郡杉戸町清地2-1-16
2534,豊泉,ほうせん,関口酒造,埼玉県,北葛飾郡,埼玉県北葛飾郡杉戸町清地2-1-16
1185,寒梅,かんばい,寒梅酒造,埼玉県,久喜市,埼玉県久喜市久喜中央2-9-27
3020,彩の原石 喜,さいのげんせき よろこび,寒梅酒造,埼玉県,久喜市,埼玉県久喜市久喜中央2-9-27
3695,I love choco,あいらぶちょこ,寒梅酒造,埼玉県,久喜市,埼玉県久喜市久喜中央2-9-27
482,力士,りきし,釜屋,埼玉県,加須市,埼玉県加須市騎西1162
3415,越ヶ谷宿,こしがやじゅく,釜屋,埼玉県,加須市,埼玉県加須市騎西1162
3657,かけはし,かけはし,釜屋,埼玉県,加須市,埼玉県加須市騎西1162
3313,加須の舞,かぞのまい,釜屋,埼玉県,加須市,埼玉県加須市騎西1162
3323,桶川,おけがわ,釜屋,埼玉県,加須市,埼玉県加須市騎西1162
1104,釜屋新八,かまやしんぱち,釜屋,埼玉県,加須市,埼玉県加須市騎西1162
1394,亀甲花菱,きっこうはなびし,清水酒造,埼玉県,加須市,埼玉県加須市戸室1006
1408,花陽浴,はなあび,南陽醸造,埼玉県,羽生市,埼玉県羽生市上新郷5951
1409,藍の郷,あいのさと,南陽醸造,埼玉県,羽生市,埼玉県羽生市上新郷5951
481,晴菊,はれぎく,東亜酒造,埼玉県,羽生市,埼玉県羽生市西4-1-11
3227,神の泉,かみのいずみ,東亜酒造,埼玉県,羽生市,埼玉県羽生市西4-1-11
487,ひこ孫,ひこまご,神亀酒造,埼玉県,蓮田市,埼玉県蓮田市馬込3-74
3298,仙亀,せんかめ,神亀酒造,埼玉県,蓮田市,埼玉県蓮田市馬込3-74
486,神亀,しんかめ,神亀酒造,埼玉県,蓮田市,埼玉県蓮田市馬込3-74
1576,清龍,せいりゅう,清龍酒造,埼玉県,蓮田市,埼玉県蓮田市閏戸659-3
1369,鏡山,かがみやま,小江戸鏡山酒造,埼玉県,川越市,埼玉県川越市仲町10-13
3102,葵万代,あおいばんだい,日本酒造,埼玉県,比企郡,埼玉県比企郡
3101,万代黒松正宗,ばんだいくろまつまさむね,日本酒造,埼玉県,比企郡,埼玉県比企郡
3091,野火止,のびどめ,佐藤酒造店,埼玉県,入間郡,埼玉県入間郡越生町津久根141-1
3092,あさか野物語,あさかのものがたり,佐藤酒造店,埼玉県,入間郡,埼玉県入間郡越生町津久根141-1
477,越生梅林,おごせばいりん,佐藤酒造店,埼玉県,入間郡,埼玉県入間郡越生町津久根141-1
1603,来陽,らいよう,越生酒造,埼玉県,入間郡,埼玉県入間郡
2826,アクアドルチェ,あくあどるちぇ,麻原酒造,埼玉県,入間郡,埼玉県入間郡毛呂山町毛呂本郷94
1090,近江屋,おうみや,麻原酒造,埼玉県,入間郡,埼玉県入間郡毛呂山町毛呂本郷94
3406,こぶしの里,こぶしのさと,麻原酒造,埼玉県,入間郡,埼玉県入間郡毛呂山町毛呂本郷94
1091,大香の蔵,たいこうのくら,麻原酒造,埼玉県,入間郡,埼玉県入間郡毛呂山町毛呂本郷94
3405,武蔵野,むさしの,麻原酒造,埼玉県,入間郡,埼玉県入間郡毛呂山町毛呂本郷94
1088,琵琶のさゝ浪,びわのさざなみ,麻原酒造,埼玉県,入間郡,埼玉県入間郡毛呂山町毛呂本郷94
3282,かわせみの里,かわせみのさと,長澤酒造,埼玉県,日高市,埼玉県日高市北平沢335
1261,高麗王,こまおう,長澤酒造,埼玉県,日高市,埼玉県日高市北平沢335
1260,君が旗,きみがはた,長澤酒造,埼玉県,日高市,埼玉県日高市北平沢335
1113,帝松,みかどまつ,松岡醸造,埼玉県,比企郡,埼玉県比企郡小川町下古寺7-2
2982,無為,むい,晴雲酒造,埼玉県,比企郡,埼玉県比企郡小川町大塚178-2
2983,玉井,たまい,晴雲酒造,埼玉県,比企郡,埼玉県比企郡小川町大塚178-2
2981,金勝山,きんしょうざん,晴雲酒造,埼玉県,比企郡,埼玉県比企郡小川町大塚178-2
1657,晴雲,せいうん,晴雲酒造,埼玉県,比企郡,埼玉県比企郡小川町大塚178-2
2528,武蔵鶴,むさしつる,武蔵鶴酒造,埼玉県,比企郡,埼玉県比企郡小川町大塚243
1120,天覧山,てんらんざん,五十嵐酒造,埼玉県,飯能市,埼玉県飯能市川寺667-1
2768,五十嵐,いがらし,五十嵐酒造,埼玉県,飯能市,埼玉県飯能市川寺667-1
3855,飯能風土記,はんのうふどき,五十嵐酒造,埼玉県,飯能市,埼玉県飯能市川寺667-1
478,有馬錦,ありまにしき,有馬錦酒造,埼玉県,飯能市,埼玉県飯能市飯能446-12
2512,清太喜,きよたき,権田酒造,埼玉県,熊谷市,埼玉県熊谷市三ヶ尻1491
2511,直実,なおざね,権田酒造,埼玉県,熊谷市,埼玉県熊谷市三ヶ尻1491
484,日本橋,にほんばし,横田酒造,埼玉県,行田市,埼玉県行田市桜町2-29-3
485,浮城,うきしろ,横田酒造,埼玉県,行田市,埼玉県行田市桜町2-29-3
2920,行田育ち,ぎょうだそだち,横田酒造,埼玉県,行田市,埼玉県行田市桜町2-29-3
483,桝川,ますかわ,川端酒造,埼玉県,行田市,埼玉県行田市佐間2-9-8
3655,AGEO,あげお,文楽,埼玉県,上尾市,埼玉県上尾市上町2-5-5
476,文楽,ぶんらく,文楽,埼玉県,上尾市,埼玉県上尾市上町2-5-5
3912,金紋朝日,きんもんあさひ,秋笹醸造,埼玉県,鴻巣市,埼玉県鴻巣市
1358,織星,おりほし,丸山酒造,埼玉県,深谷市,埼玉県深谷市横瀬1323
3925,酔眺月,すいちょうげつ,丸山酒造,埼玉県,深谷市,埼玉県深谷市横瀬1323
1357,金大星正宗,きんだいぼしまさむね,丸山酒造,埼玉県,深谷市,埼玉県深谷市横瀬1323
3924,瞬喜道,しゅんきどう,丸山酒造,埼玉県,深谷市,埼玉県深谷市横瀬1323
479,東白菊,あずましらぎく,藤橋藤三郎商店,埼玉県,深谷市,埼玉県深谷市仲町4-10
104,菊泉,きくいずみ,滝澤酒造,埼玉県,深谷市,埼玉県深谷市田所町9-20
2510,天仁,てんじん,横関酒造,埼玉県,児玉郡,埼玉県児玉郡美里町猪俣3214-1
102,武甲正宗,ぶこうまさむね,武甲酒造,埼玉県,秩父市,埼玉県秩父市宮側町21-27
3297,升屋,ますや,矢尾本店,埼玉県,秩父市,埼玉県秩父市別所1432
103,秩父錦,ちちぶにしき,矢尾本店,埼玉県,秩父市,埼玉県秩父市別所1432
480,白扇,はくせん,藤崎摠兵衛商店,埼玉県,大里郡,埼玉県大里郡寄居町寄居925-2
1522,秩父太郎,ちちぶたろう,秩父菊水酒造,埼玉県,秩父市,埼玉県秩父市下吉田3786-1
1520,秩父小次郎,ちちぶこじろう,秩父菊水酒造,埼玉県,秩父市,埼玉県秩父市下吉田3786-1
1523,秩父次郎,ちちぶじろう,秩父菊水酒造,埼玉県,秩父市,埼玉県秩父市下吉田3786-1
1521,秩父菊水,ちちぶきくすい,秩父菊水酒造,埼玉県,秩父市,埼玉県秩父市下吉田3786-1
2915,慶長,けいちょう,和久井酒造,埼玉県,秩父市,埼玉県秩父市
841,富久娘,ふくむすめ,福徳長酒類,千葉県,松戸市,千葉県松戸市上本郷字仲原250
1882,福徳長,ふくとくちょう,福徳長酒類,千葉県,松戸市,千葉県松戸市上本郷字仲原250
1997,勝鹿,かつしか,窪田酒造,千葉県,野田市,千葉県野田市山崎685
1996,旭鶴,あさひづる,旭鶴,千葉県,佐倉市,千葉県佐倉市馬渡918
2212,一喜,いっき,飯沼本家,千葉県,印旛郡,千葉県印旛郡酒々井町馬橋106
105,甲子,きのえねまさむね,飯沼本家,千葉県,印旛郡,千葉県印旛郡酒々井町馬橋106
1995,長命泉,ちょうめいせん,滝沢本店,千葉県,成田市,千葉県成田市上町
1370,東薫,とうくん,東薫酒造,千葉県,香取市,千葉県香取市佐原イ627
3125,すいごうさかり,すいごうさかり,馬場本店酒造,千葉県,香取市,千葉県香取市佐原イ614-1
2014,糀善,こうぜん,馬場本店酒造,千葉県,香取市,千葉県香取市佐原イ614-1
2015,海舟散人,かいしゅうさんじん,馬場本店酒造,千葉県,香取市,千葉県香取市佐原イ614-1
3126,佐原ばやし,さはらばやし,馬場本店酒造,千葉県,香取市,千葉県香取市佐原イ614-1
490,銚子の誉,ちょうしのほまれ,石上酒造,千葉県,銚子市,千葉県銚子市田中町7-1
2012,徳明,とくめい,飯田酒造場,千葉県,銚子市,千葉県銚子市清川町2-1-2
2011,祥兆,しょうちょう,小林酒造場,千葉県,銚子市,千葉県銚子市松岸町2-78
3300,醍醐のしずく,だいごのしずく,寺田本家,千葉県,香取郡,千葉県香取郡神崎町神崎本宿1964
488,五人娘,ごにんむすめ,寺田本家,千葉県,香取郡,千葉県香取郡神崎町神崎本宿1964
1545,むすひ,むすび,寺田本家,千葉県,香取郡,千葉県香取郡神崎町神崎本宿1964
1595,香取,かとり,寺田本家,千葉県,香取郡,千葉県香取郡神崎町神崎本宿1964
2766,八千代桜,やちよざくら,鍋店,千葉県,香取郡,千葉県香取郡神崎町神崎本宿1916
489,仁勇,じんゆう,鍋店,千葉県,香取郡,千葉県香取郡神崎町神崎本宿1916
1599,不動,ふどう,鍋店,千葉県,香取郡,千葉県香取郡神崎町神崎本宿1916
2017,惣兵衛,そうべえ,飯田本家,千葉県,香取市,千葉県香取市小見川178
2016,大姫,おおひめ,飯田本家,千葉県,香取市,千葉県香取市小見川178
2018,神明,しんめい,神明酒造,千葉県,香取郡,千葉県香取郡東庄町夏目298
106,梅一輪,うめいちりん,梅一輪酒造,千葉県,山武市,千葉県山武市松ケ谷イ2902
2009,東姫,あづまひめ,東條酒造,千葉県,山武市,千葉県山武市姫島1010
2010,花いちもんめ,はないちもんめ,花の友,千葉県,山武市,千葉県山武市松尾町大堤438
491,寒菊,かんぎく,寒菊銘醸,千葉県,山武市,千葉県山武市松尾町武野里11
1634,光鬼舞,ひかりおにまい,青柳酒造,千葉県,山武郡,千葉県山武郡横芝光町篠本726
1633,篠緑,ささみどり,青柳酒造,千葉県,山武郡,千葉県山武郡横芝光町篠本726
1464,舞桜,まいざくら,守屋酒造,千葉県,山武市,千葉県山武市蓮沼ハー2929
2013,富士乃友,ふじのとも,宮崎本家,千葉県,匝瑳市,千葉県匝瑳市野手1699
2000,月華,げっか,吉崎酒造,千葉県,君津市,千葉県君津市久留里市場102
1999,吉寿,きちじゅ,吉崎酒造,千葉県,君津市,千葉県君津市久留里市場102
1565,福祝,ふくいわい,藤平酒造,千葉県,君津市,千葉県君津市久留里市場147
1998,峯の精,みねのせい,宮崎酒造店,千葉県,君津市,千葉県君津市戸崎1780
2001,飛鶴,とびつる,森酒造店,千葉県,君津市,千葉県君津市愛宕202
3079,天乃原,あまのはら,須藤本家,千葉県,君津市,千葉県君津市青柳16-10
2004,富泉,とみいずみ,千蔵酒造,千葉県,南房総市,千葉県南房総市
2005,秀楽,しゅうらく,秀楽酒造,千葉県,鴨川市,千葉県鴨川市貝渚671
2006,海神,かいじん,秀楽酒造,千葉県,鴨川市,千葉県鴨川市貝渚671
493,古代の舞,こだいのまい,亀田酒造,千葉県,鴨川市,千葉県鴨川市仲329
110,寿萬亀,じゅまんがめ,亀田酒造,千葉県,鴨川市,千葉県鴨川市仲329
3856,無印良品 日本酒,むじるしりょうひん にほんしゅ,亀田酒造,千葉県,鴨川市,千葉県鴨川市仲329
3708,ORBIA SOL,,木戸泉酒造,千葉県,いすみ市,千葉県いすみ市大原7635-1
3257,白玉香,はくぎょくこう,木戸泉酒造,千葉県,いすみ市,千葉県いすみ市大原7635-1
107,木戸泉,きどいずみ,木戸泉酒造,千葉県,いすみ市,千葉県いすみ市大原7635-1
2007,大多喜城,おおたきじょう,豊乃鶴酒造,千葉県,夷隅郡,千葉県夷隅郡大多喜町新丁88
2008,銭神,ぜにがみ,豊乃鶴酒造,千葉県,夷隅郡,千葉県夷隅郡大多喜町新丁88
2003,若みずき,わかみずき,和蔵酒造 貞元蔵,千葉県,君津市,千葉県貞元蔵〒299-1131 千葉県
2002,鹿野山,かのうざん,和蔵酒造 貞元蔵,千葉県,君津市,千葉県貞元蔵〒299-1131 千葉県
108,聖泉,せいせん,和蔵酒造 竹岡蔵,千葉県,富津市,千葉県竹岡蔵〒299-1621 千葉県
109,東魁盛,とうかいざかり,小泉酒造,千葉県,富津市,千葉県富津市上後423-1
3412,東魁,とうかい,小泉酒造,千葉県,富津市,千葉県富津市上後423-1
3410,東魁正宗,とうかいまさむね,小泉酒造,千葉県,富津市,千葉県富津市上後423-1
3411,ソムリエ,そむりえ,小泉酒造,千葉県,富津市,千葉県富津市上後423-1
3080,ふさ正宗,ふさまさむね,石野商店,千葉県,山武郡,千葉県山武郡
1367,稲花,,稲花酒造,千葉県,長生郡,千葉県長生郡一宮町東浪見5841
1368,一の宮,いちのみや,稲花酒造,千葉県,長生郡,千葉県長生郡一宮町東浪見5841
1617,岩の井,いわのい,岩瀬酒造,千葉県,夷隅郡,千葉県夷隅郡御宿町久保1916
1994,鳴海,なるか,東灘醸造,千葉県,勝浦市,千葉県勝浦市串浜1033
1993,東灘,あずまなだ,東灘醸造,千葉県,勝浦市,千葉県勝浦市串浜1033
492,腰古井,こしごい,吉野酒造,千葉県,勝浦市,千葉県勝浦市植野571
3596,東京,とうきょう,東京港醸造,東京都,港区,東京都港区芝4-7-10
3614,Tokyo Mead,とうきょうみーど,東京港醸造,東京都,港区,東京都港区芝4-7-10
3322,江戸開城,えどかいじょう,東京港醸造,東京都,港区,東京都港区芝4-7-10
1524,丸眞正宗,,小山酒造,東京都,北区,東京都北区岩淵町26-10
2990,東京盛,とうきょうざかり,小山酒造,東京都,北区,東京都北区岩淵町26-10
2686,国府鶴,こうづる,野口酒造店,東京都,府中市,東京都府中市寿町2-4-8
3184,十右衛門,じゅうえもん,豊島屋酒造,東京都,東村山市,東京都東村山市久米川町3-14-10
1360,東村山,ひがしむらやま,豊島屋酒造,東京都,東村山市,東京都東村山市久米川町3-14-10
1359,金婚,きんこん,豊島屋酒造,東京都,東村山市,東京都東村山市久米川町3-14-10
3690,利他,りた,豊島屋酒造,東京都,東村山市,東京都東村山市久米川町3-14-10
1361,屋守,おくのかみ,豊島屋酒造,東京都,東村山市,東京都東村山市久米川町3-14-10
3704,二重橋,にじゅうばし,豊島屋酒造,東京都,東村山市,東京都東村山市久米川町3-14-10
3546,羽田,はねだ,豊島屋酒造,東京都,東村山市,東京都東村山市久米川町3-14-10
494,喜正,きしょう,野崎酒造,東京都,あきる野市,東京都あきる野市戸倉63
3535,しろやま桜,しろやまざくら,野崎酒造,東京都,あきる野市,東京都あきる野市戸倉63
3580,八王子城,はちおうじじょう,小澤酒造場,東京都,八王子市,東京都八王子市八木町2-15
495,桑乃都,くわのみやこ,小澤酒造場,東京都,八王子市,東京都八王子市八木町2-15
1167,陣馬山,じんばさん,中島酒造場,東京都,八王子市,東京都八王子市
1165,日出山,ひのでやま,中島酒造場,東京都,八王子市,東京都八王子市
1166,高尾山,たかおさん,中島酒造場,東京都,八王子市,東京都八王子市
945,多満自慢,たまじまん,石川酒造,東京都,福生市,東京都福生市熊川1
3613,たまの八重桜,やえさくら,石川酒造,東京都,福生市,東京都福生市熊川1
2760,田むら,たむら,田村酒造場,東京都,福生市,東京都福生市福生626
111,嘉泉,かせん,田村酒造場,東京都,福生市,東京都福生市福生626
3305,風雲剣鬼伝 厳流小次郎,がんりゅうこじろう,田村酒造場,東京都,福生市,東京都福生市福生626
496,千代鶴,ちよつる,中村酒造場,東京都,あきる野市,東京都あきる野市牛沼63
112,澤乃井,さわのい,小澤酒造,東京都,青梅市,東京都青梅市沢井2-770
2688,とうきょう地酒,とうきょうじざけ,土屋酒造,東京都,狛江市,東京都狛江市
2687,鳳桜,おおとりざくら,土屋酒造,東京都,狛江市,東京都狛江市
1461,吟雪,ぎんせつ,渡辺酒造,東京都,武蔵村山市,東京都武蔵村山市
1241,相模灘,さがみなだ,久保田酒造,神奈川県,相模原市緑区,神奈川県相模原市緑区根小屋702
500,巌乃泉,いわおのいずみ,清水酒造,神奈川県,相模原市,神奈川県相模原市津久井町中野1322
1586,盛升,さかります,黄金井酒造,神奈川県,厚木市,神奈川県厚木市七沢769
1174,残草蓬莱,ざるそうほうらい,大矢孝酒造,神奈川県,愛甲郡,神奈川県愛甲郡愛川町田代521
2903,昇龍蓬莱,しょうりゅうほうらい,大矢孝酒造,神奈川県,愛甲郡,神奈川県愛甲郡愛川町田代521
3187,俊也,しゅんなり,大矢孝酒造,神奈川県,愛甲郡,神奈川県愛甲郡愛川町田代521
499,いづみ橋,いづみばし,泉橋酒造,神奈川県,海老名市,神奈川県海老名市下今泉5-5-1
1204,ちえぶくろ,ちえぶくろ,相田酒造店,神奈川県,小田原市,神奈川県小田原市
1205,横浜の星,よこはまのほし,相田酒造店,神奈川県,小田原市,神奈川県小田原市
1203,火牛,かぎゅう,相田酒造店,神奈川県,小田原市,神奈川県小田原市
1206,早雲,そううん,相田酒造店,神奈川県,小田原市,神奈川県小田原市
1481,舞姿,まいすがた,舞姿酒造,神奈川県,南足柄市,神奈川県南足柄市
1295,鎌倉栞,かまくらしおり,熊澤酒造,神奈川県,茅ヶ崎市,神奈川県茅ヶ崎市香川7-10-7
1294,湘南,しょうなん,熊澤酒造,神奈川県,茅ヶ崎市,神奈川県茅ヶ崎市香川7-10-7
1293,天青,てんせい,熊澤酒造,神奈川県,茅ヶ崎市,神奈川県茅ヶ崎市香川7-10-7
2692,熊澤,くまざわ,熊澤酒造,神奈川県,茅ヶ崎市,神奈川県茅ヶ崎市香川7-10-7
2691,曙光,しょこう,熊澤酒造,神奈川県,茅ヶ崎市,神奈川県茅ヶ崎市香川7-10-7
501,松みどり,,中澤酒造,神奈川県,足柄上郡,神奈川県足柄上郡松田町松田惣領1875
2689,四季の箱根,しきのはこね,中澤酒造,神奈川県,足柄上郡,神奈川県足柄上郡松田町松田惣領1875
1479,箱根山,はこねやま,井上酒造,神奈川県,足柄上郡,神奈川県足柄上郡大井町上大井552
3730,箱根薔薇,はこねばら,井上酒造,神奈川県,足柄上郡,神奈川県足柄上郡大井町上大井552
3530,SWEET HEART,すうぃーとはーと,井上酒造,神奈川県,足柄上郡,神奈川県足柄上郡大井町上大井552
2797,仙鳴郷,せんめいきょう,井上酒造,神奈川県,足柄上郡,神奈川県足柄上郡大井町上大井552
1588,曽我の誉,そがのほまれ,石井醸造,神奈川県,足柄上郡,神奈川県足柄上郡大井町上大井954
3260,あしがり郷,あしがりごう,瀬戸酒造店,神奈川県,足柄上郡,神奈川県足柄上郡開成町金井島17
1480,酒田錦,さかたにしき,瀬戸酒造店,神奈川県,足柄上郡,神奈川県足柄上郡開成町金井島17
498,丹沢山,たんざわさん,川西屋酒造店,神奈川県,足柄上郡,神奈川県足柄上郡山北町山北250
1071,隆,りゅう,川西屋酒造店,神奈川県,足柄上郡,神奈川県足柄上郡山北町山北250
3795,報徳娘,ほうとくむすめ,川西屋酒造店,神奈川県,足柄上郡,神奈川県足柄上郡山北町山北250
1478,菊勇,きくゆう,吉川醸造,神奈川県,伊勢原市,神奈川県伊勢原市神戸681
2690,MOZART,モーツァルト,金井酒造店,神奈川県,秦野市,神奈川県秦野市堀山下182-1
497,白笹つづみ,しらささつづみ,金井酒造店,神奈川県,秦野市,神奈川県秦野市堀山下182-1
502,太冠,たいかん,太冠酒造,山梨県,南アルプス市,山梨県南アルプス市上宮地57
503,榊正宗,さかきまさむね,横内酒造店,山梨県,南アルプス市,山梨県南アルプス市上宮地57
511,春鶯囀,しゅんのうてん,萬屋醸造店,山梨県,南巨摩郡,山梨県南巨摩郡富士川町青柳町1202-1
3658,本菱,ほんびし,萬屋醸造店,山梨県,南巨摩郡,山梨県南巨摩郡富士川町青柳町1202-1
510,梅が枝,うめがえ,大久保酒造店,山梨県,南巨摩郡,山梨県南巨摩郡富士川町大久保341
1163,笹一,ささいち,笹一酒造,山梨県,大月市,山梨県大月市笹子町吉久保26
2821,旦,だん,笹一酒造,山梨県,大月市,山梨県大月市笹子町吉久保26
3745,木火土金水,もっかどこんすい,笹一酒造,山梨県,大月市,山梨県大月市笹子町吉久保26
1907,拳王,けんおう,笹一酒造,山梨県,大月市,山梨県大月市笹子町吉久保26
3290,與五右衛門,よごえもん,井出醸造店,山梨県,南都留郡,山梨県南都留郡富士河口湖町船津8
1731,甲斐の開運,かいのかいうん,井出醸造店,山梨県,南都留郡,山梨県南都留郡富士河口湖町船津8
1949,櫂,かい,養老酒造,山梨県,山梨市,山梨県山梨市北567
1948,養老,ようろう,養老酒造,山梨県,山梨市,山梨県山梨市北567
1950,玉笹,たまささ,養老酒造,山梨県,山梨市,山梨県山梨市北567
508,美和乃帝,みわのみかど,腕相撲酒造,山梨県,笛吹市,山梨県笛吹市御坂町夏目原1374
3176,黒駒の勝蔵,くろこまのかつぞう,腕相撲酒造,山梨県,笛吹市,山梨県笛吹市御坂町夏目原1374
507,腕相撲,うでずもう,腕相撲酒造,山梨県,笛吹市,山梨県笛吹市御坂町夏目原1374
509,御坂路,みさかみち,腕相撲酒造,山梨県,笛吹市,山梨県笛吹市御坂町夏目原1374
2089,青煌,せいこう,武の井酒造,山梨県,北杜市,山梨県北杜市高根町箕輪1450
504,武の井,たけのい,武の井酒造,山梨県,北杜市,山梨県北杜市高根町箕輪1450
2607,甲斐男山,かいおとこやま,八巻酒造店,山梨県,北杜市,山梨県北杜市高根町下黒澤950
3540,七賢 スパークリング,しちけん すぱーくりんぐ,山梨銘醸,山梨県,北杜市,山梨県北杜市白州町台ヶ原2283
506,七賢,しちけん,山梨銘醸,山梨県,北杜市,山梨県北杜市白州町台ヶ原2283
505,谷桜,,谷櫻酒造,山梨県,北杜市,山梨県北杜市大泉町谷戸2037
2608,日の出菊,ひのでぎく,横山酒造店,山梨県,南巨摩郡,山梨県南巨摩郡南部町南部8255
3350,栴檀,せんだん,二葉屋酒造店,山梨県,西八代郡,山梨県西八代郡
3470,車懸,くるまがかり,越後・謙信SAKEまつり,新潟県,,
3629,雪兜,ゆきかぶと,高橋酒造,新潟県,長岡市,新潟県長岡市地蔵1-8-2
3628,春まちうさぎ,はるまちうさぎ,高橋酒造,新潟県,長岡市,新潟県長岡市地蔵1-8-2
566,長陵,ちょうりょう,高橋酒造,新潟県,長岡市,新潟県長岡市地蔵1-8-2
3627,越乃輝虎,こしのてるとら,高橋酒造,新潟県,長岡市,新潟県長岡市地蔵1-8-2
2318,越の雄町,こしのおまち,美の川酒造,新潟県,長岡市,新潟県長岡市
141,美の川,みのがわ,美の川酒造,新潟県,長岡市,新潟県長岡市
2320,朱鷺,とき,美の川酒造,新潟県,長岡市,新潟県長岡市
2896,山城屋,やましろや,越銘醸,新潟県,長岡市,新潟県長岡市栃尾大町2－8
1441,越の川,こしのかわ,越銘醸,新潟県,長岡市,新潟県長岡市栃尾大町2－8
1440,越の鶴,こしのつる,越銘醸,新潟県,長岡市,新潟県長岡市栃尾大町2－8
2746,壱醸,いちじょう,越銘醸,新潟県,長岡市,新潟県長岡市栃尾大町2－8
570,越乃景虎,こしのかげとら,諸橋酒造,新潟県,長岡市,新潟県長岡市北荷頃408
1110,越乃千禄,こしのせんろく,諸橋酒造,新潟県,長岡市,新潟県長岡市北荷頃408
1889,初日正宗,はつひまさむね,長谷川酒造,新潟県,長岡市,新潟県長岡市摂田屋2-7-28
1890,越後 長岡城,ながおかじょう,長谷川酒造,新潟県,長岡市,新潟県長岡市摂田屋2-7-28
3854,NAGAOKA,ながおか,長谷川酒造,新潟県,長岡市,新潟県長岡市摂田屋2-7-28
1888,越後 雪紅梅,せっこうばい,長谷川酒造,新潟県,長岡市,新潟県長岡市摂田屋2-7-28
139,お福正宗,おふくまさむね,お福酒造,新潟県,長岡市,新潟県長岡市横枕町606
2363,千代都,ちよのみやこ,お福酒造,新潟県,長岡市,新潟県長岡市横枕町606
2364,五百代,いおしろ,お福酒造,新潟県,長岡市,新潟県長岡市横枕町606
2360,山古志,やまこし,お福酒造,新潟県,長岡市,新潟県長岡市横枕町606
568,越乃柏露,こしのはくろ,柏露酒造,新潟県,長岡市,新潟県長岡市十日町1927
3009,越乃黒鷹,こしのくろたか,柏露酒造,新潟県,長岡市,新潟県長岡市十日町1927
2355,幾久屋,きくや,恩田酒造,新潟県,長岡市,新潟県長岡市六日市町1330
138,舞鶴,まいつる,恩田酒造,新潟県,長岡市,新潟県長岡市六日市町1330
564,越の吟月,こしのぎんげつ,恩田酒造,新潟県,長岡市,新潟県長岡市六日市町1330
3519,越乃飛燕,こしのひえん,吉乃川,新潟県,長岡市,新潟県長岡市摂田屋4-8-12
569,吉乃川,よしのがわ,吉乃川,新潟県,長岡市,新潟県長岡市摂田屋4-8-12
3691,越後長岡藩,えちごながおかはん,関原酒造,新潟県,長岡市,新潟県長岡市関原町1-1029-1
140,群亀,ぐんき,関原酒造,新潟県,長岡市,新潟県長岡市関原町1-1029-1
3702,六郎次,ろくろうじ,栃倉酒造,新潟県,長岡市,新潟県長岡市大積町1乙274-3
567,米百俵,こめひゃっぴょう,栃倉酒造,新潟県,長岡市,新潟県長岡市大積町1乙274-3
142,越乃白雁,こしのはくがん,中川酒造,新潟県,長岡市,新潟県長岡市脇野町2011
1423,福扇,ふくせん,河忠酒造,新潟県,長岡市,新潟県長岡市脇野町1677番地
1422,想天坊,そうてんぼう,河忠酒造,新潟県,長岡市,新潟県長岡市脇野町1677番地
3339,じゃんげ,じゃんげ,河忠酒造,新潟県,長岡市,新潟県長岡市脇野町1677番地
3245,底ぬけ,そこぬけ,河忠酒造,新潟県,長岡市,新潟県長岡市脇野町1677番地
2744,古雅,こが,住乃井酒造,新潟県,長岡市,新潟県長岡市吉崎581-1
582,住乃井,すみのい,住乃井酒造,新潟県,長岡市,新潟県長岡市吉崎581-1
612,奴奈姫,ぬなひめ,猪又酒造,新潟県,糸魚川市,新潟県糸魚川市新町71-1
611,月不見の池,つきみずのいけ,猪又酒造,新潟県,糸魚川市,新潟県糸魚川市新町71-1
3471,連華山,れんげさん,田原酒造,新潟県,糸魚川市,新潟県糸魚川市押上1-1-25
1140,雪鶴,ゆきつる,田原酒造,新潟県,糸魚川市,新潟県糸魚川市押上1-1-25
613,加賀の井,かがのい,加賀の井酒造,新潟県,糸魚川市,新潟県糸魚川市大町2-3-5
145,謙信,けんしん,池田屋酒造,新潟県,糸魚川市,新潟県糸魚川市新鉄1-3-4
3467,池田屋,いけだや,池田屋酒造,新潟県,糸魚川市,新潟県糸魚川市新鉄1-3-4
610,雪中梅,せっちゅうばい,丸山酒造場,新潟県,上越市三和区,新潟県上越市三和区塔ノ輪617
1429,越の白鳥,こしのはくちょう,新潟第一酒造,新潟県,上越市浦川原区,新潟県上越市浦川原区横川660
1517,山間,やんま,新潟第一酒造,新潟県,上越市浦川原区,新潟県上越市浦川原区横川660
597,越の若竹,こしのわかたけ,上越酒造,新潟県,上越市,新潟県上越市大字飯田508
598,越後美人,えちごびじん,上越酒造,新潟県,上越市,新潟県上越市大字飯田508
3469,ぶなの露,ぶなのつゆ,武蔵野酒造,新潟県,上越市,新潟県上越市西城町4-7-46
606,スキー正宗,すきーまさむね,武蔵野酒造,新潟県,上越市,新潟県上越市西城町4-7-46
608,加茂乃井,かものい,武蔵野酒造,新潟県,上越市,新潟県上越市西城町4-7-46
607,春日山 天と地,かすがやま てんとち,武蔵野酒造,新潟県,上越市,新潟県上越市西城町4-7-46
2356,シャトー妙高,しゃとーみょうこう,妙高酒造,新潟県,上越市,新潟県上越市南本町2-7-47
2358,深雪の里,みゆきのさと,妙高酒造,新潟県,上越市,新潟県上越市南本町2-7-47
2359,越後おやじ,えちごおやじ,妙高酒造,新潟県,上越市,新潟県上越市南本町2-7-47
605,妙高山,みょうこうざん,妙高酒造,新潟県,上越市,新潟県上越市南本町2-7-47
2357,越乃雪月花,こしのせつげつか,妙高酒造,新潟県,上越市,新潟県上越市南本町2-7-47
602,越後田中屋大五郎,えちごたなかやだいごろう,君の井酒造,新潟県,妙高市,新潟県妙高市下町3-11
3862,恵信,えしん,君の井酒造,新潟県,妙高市,新潟県妙高市下町3-11
600,君の井,きみのい,君の井酒造,新潟県,妙高市,新潟県妙高市下町3-11
601,越後の蔵秘伝,えちごのくらひでん,君の井酒造,新潟県,妙高市,新潟県妙高市下町3-11
1675,真 Shin,しん,千代の光酒造,新潟県,妙高市,新潟県妙高市窪松原656
1089,千代の光,ちよのひかり,千代の光酒造,新潟県,妙高市,新潟県妙高市窪松原656
2952,KENICHIRO,けんいちろう,千代の光酒造,新潟県,妙高市,新潟県妙高市窪松原656
3015,登美屋,とみや,加茂乃井酒造,新潟県,上越市板倉区,新潟県上越市板倉区
609,谷乃井,たにのい,谷乃井酒造,新潟県,上越市板倉区,新潟県上越市板倉区
604,鮎,あゆ,鮎正宗酒造,新潟県,妙高市,新潟県妙高市猿橋636
603,鮎正宗,あゆまさむね,鮎正宗酒造,新潟県,妙高市,新潟県妙高市猿橋636
599,越の誉,こしのほまれ,原酒造,新潟県,柏崎市,新潟県柏崎市新橋5-12
2748,あわっしゅ,あわっしゅ,原酒造,新潟県,柏崎市,新潟県柏崎市新橋5-12
2747,銀の翼,ぎんのつばさ,原酒造,新潟県,柏崎市,新潟県柏崎市新橋5-12
1432,越乃こころ,こしのこころ,阿部酒造,新潟県,柏崎市,新潟県柏崎市安田3475-1
2953,あべ,あべ,阿部酒造,新潟県,柏崎市,新潟県柏崎市安田3475-1
1433,越乃男山,こしのおとこやま,阿部酒造,新潟県,柏崎市,新潟県柏崎市安田3475-1
2796,阿部,あべ,阿部酒造,新潟県,柏崎市,新潟県柏崎市安田3475-1
2198,八石,はちこく,林酒造場,新潟県,柏崎市,新潟県柏崎市与板1242-1
2199,鯖石郷,さばいしごう,林酒造場,新潟県,柏崎市,新潟県柏崎市与板1242-1
2197,杉の露,すぎのつゆ,林酒造場,新潟県,柏崎市,新潟県柏崎市与板1242-1
1426,かめぐち酒,かめぐちざけ,石塚酒造,新潟県,柏崎市,新潟県柏崎市高柳町岡野町1820-2
1425,姫の井,ひめのい,石塚酒造,新潟県,柏崎市,新潟県柏崎市高柳町岡野町1820-2
584,緑川,みどりかわ,緑川酒造,新潟県,魚沼市,新潟県魚沼市青島4015-1
3539,越後武士,えちごさむらい,玉川酒造,新潟県,魚沼市,新潟県魚沼市須原1643
3703,桂の関,かつらのせき,玉川酒造,新潟県,魚沼市,新潟県魚沼市須原1643
574,ゆきくら,ゆきくら,玉川酒造,新潟県,魚沼市,新潟県魚沼市須原1643
2783,越乃雪蔵,こしのゆきくら,玉川酒造,新潟県,魚沼市,新潟県魚沼市須原1643
573,玉風味,たまふうみ,玉川酒造,新潟県,魚沼市,新潟県魚沼市須原1643
585,長者盛,ちょうじゃざかり,新潟銘醸,新潟県,小千谷市,新潟県小千谷市東栄1丁目8番39号
587,越の寒中梅,こしのかんちゅうばい,新潟銘醸,新潟県,小千谷市,新潟県小千谷市東栄1丁目8番39号
586,越後の長者,えちごのちょうじゃ,新潟銘醸,新潟県,小千谷市,新潟県小千谷市東栄1丁目8番39号
1103,冬将軍,ふゆしょうぐん,新潟銘醸,新潟県,小千谷市,新潟県小千谷市東栄1丁目8番39号
3715,伊乎乃,いおの,高の井酒造,新潟県,小千谷市,新潟県小千谷市東栄3-7-67
1818,鄙の雪蔵,ひなのゆきぐら,高の井酒造,新潟県,小千谷市,新潟県小千谷市東栄3-7-67
3816,田友,でんゆう,高の井酒造,新潟県,小千谷市,新潟県小千谷市東栄3-7-67
144,越の初梅,こしのはつうめ,高の井酒造,新潟県,小千谷市,新潟県小千谷市東栄3-7-67
1817,たかの井,たかのい,高の井酒造,新潟県,小千谷市,新潟県小千谷市東栄3-7-67
3551,凌駕,りょうが,松乃井酒造場,新潟県,十日町市,新潟県十日町市上野50-1
3631,英保,えいほ,松乃井酒造場,新潟県,十日町市,新潟県十日町市上野50-1
1424,松乃井,まつのい,松乃井酒造場,新潟県,十日町市,新潟県十日町市上野50-1
146,根知男山,ねちおとこやま,渡辺酒造店,新潟県,糸魚川市,新潟県糸魚川市根小屋1197-1
1427,能鷹,のうたか,田中酒造,新潟県,上越市,新潟県上越市長浜129-1
1434,越後自慢,えちごじまん,小山酒造店,新潟県,上越市大潟区,新潟県上越市大潟区土底浜3627
1435,潟の井,かたのい,小山酒造店,新潟県,上越市大潟区,新潟県上越市大潟区土底浜3627
1428,かたふね,かたふね,竹田酒造店,新潟県,上越市大潟区,新潟県上越市大潟区上小船津浜171
2203,久比岐,くびき,頚城酒造,新潟県,上越市柿崎区,新潟県上越市柿崎区柿崎5765
2204,越路乃紅梅,こしじのこうばい,頚城酒造,新潟県,上越市柿崎区,新潟県上越市柿崎区柿崎5765
1259,越後杜氏の里,えちごとうじのさと,頚城酒造,新潟県,上越市柿崎区,新潟県上越市柿崎区柿崎5765
614,越後乃蔵元代々菊,えちごのくらもとよよぎく,代々菊醸造,新潟県,上越市柿崎区,新潟県上越市柿崎区角取597
2314,吟田川,ちびたがわ,代々菊醸造,新潟県,上越市柿崎区,新潟県上越市柿崎区角取597
2205,清正,きよまさ,加藤酒造,新潟県,上越市吉川区,新潟県上越市吉川区下深沢233
2316,よしかわ杜氏,よしかわとうじ,よしかわ杜氏の郷,新潟県,上越市吉川区,新潟県上越市吉川区杜氏の郷1
2315,天恵楽,てんけいらく,よしかわ杜氏の郷,新潟県,上越市吉川区,新潟県上越市吉川区杜氏の郷1
2317,有りがたし,ありがたし,よしかわ杜氏の郷,新潟県,上越市吉川区,新潟県上越市吉川区杜氏の郷1
580,祝鶴亀,いわいつるかめ,久須美酒造,新潟県,長岡市,新潟県長岡市小島谷1537-2
1670,亀の翁,かめのお,久須美酒造,新潟県,長岡市,新潟県長岡市小島谷1537-2
579,清泉,きよいずみ,久須美酒造,新潟県,長岡市,新潟県長岡市小島谷1537-2
581,夏子物語,なつこものがたり,久須美酒造,新潟県,長岡市,新潟県長岡市小島谷1537-2
572,天上大風,てんじょうたいふう,池浦酒造,新潟県,長岡市,新潟県長岡市両高1538
571,和樂互尊,わらくごそん,池浦酒造,新潟県,長岡市,新潟県長岡市両高1538
3320,香里音,かりね,朝日酒造,新潟県,長岡市,新潟県長岡市朝日880-1
3450,千年翠,せんねんのみどり,朝日酒造,新潟県,長岡市,新潟県長岡市朝日880-1
577,久保田,くぼた,朝日酒造,新潟県,長岡市,新潟県長岡市朝日880-1
3212,呼友,こゆう,朝日酒造,新潟県,長岡市,新潟県長岡市朝日880-1
576,越州,えっしゅう,朝日酒造,新潟県,長岡市,新潟県長岡市朝日880-1
2745,轍,わだち,朝日酒造,新潟県,長岡市,新潟県長岡市朝日880-1
1244,参拾弐 神童,さんじゅうに しんどう,朝日酒造,新潟県,長岡市,新潟県長岡市朝日880-1
575,朝日山,あさひやま,朝日酒造,新潟県,長岡市,新潟県長岡市朝日880-1
1172,得月,とくげつ,朝日酒造,新潟県,長岡市,新潟県長岡市朝日880-1
578,越乃かぎろひ,こしのかぎろひ,朝日酒造,新潟県,長岡市,新潟県長岡市朝日880-1
1171,洗心,せんしん,朝日酒造,新潟県,長岡市,新潟県長岡市朝日880-1
3644,湊屋藤助,みなとやとうすけ,白瀧酒造,新潟県,南魚沼郡,新潟県南魚沼郡湯沢町大字湯沢2640番地
590,魚沼,うおぬま,白瀧酒造,新潟県,南魚沼郡,新潟県南魚沼郡湯沢町大字湯沢2640番地
591,緑端渓,りょくたんけい,白瀧酒造,新潟県,南魚沼郡,新潟県南魚沼郡湯沢町大字湯沢2640番地
592,霊泉汲不盡,れいせんくめどもつきず,白瀧酒造,新潟県,南魚沼郡,新潟県南魚沼郡湯沢町大字湯沢2640番地
589,白瀧,しらたき,白瀧酒造,新潟県,南魚沼郡,新潟県南魚沼郡湯沢町大字湯沢2640番地
588,上善如水,じょうぜんみずのごとし,白瀧酒造,新潟県,南魚沼郡,新潟県南魚沼郡湯沢町大字湯沢2640番地
1075,牧之,ぼくし,青木酒造,新潟県,南魚沼市,新潟県南魚沼市塩沢1214
1077,巻機山,まきはたやま,青木酒造,新潟県,南魚沼市,新潟県南魚沼市塩沢1214
583,鶴齢,かくれい,青木酒造,新潟県,南魚沼市,新潟県南魚沼市塩沢1214
2856,雪男,ゆきおとこ,青木酒造,新潟県,南魚沼市,新潟県南魚沼市塩沢1214
1076,雪譜,せっぷ,青木酒造,新潟県,南魚沼市,新潟県南魚沼市塩沢1214
1443,巻機,まきはた,高千代酒造,新潟県,南魚沼市,新潟県南魚沼市長崎328-1
1442,高千代,たかちよ,高千代酒造,新潟県,南魚沼市,新潟県南魚沼市長崎328-1
3701,Takachiyo,たかちよ,高千代酒造,新潟県,南魚沼市,新潟県南魚沼市長崎328-1
2900,天地人,てんちじん,高千代酒造,新潟県,南魚沼市,新潟県南魚沼市長崎328-1
2899,たかちよ,たかちよ,高千代酒造,新潟県,南魚沼市,新潟県南魚沼市長崎328-1
3869,金城山,きんじょうさん,八海醸造,新潟県,南魚沼市,新潟県南魚沼市長森1051
593,八海山,はっかいさん,八海醸造,新潟県,南魚沼市,新潟県南魚沼市長森1051
3868, 坂戸山,さかどやま,八海醸造,新潟県,南魚沼市,新潟県南魚沼市長森1051
3121,不二正宗,ふじまさむね,苗場酒造,新潟県,中魚沼郡,新潟県中魚沼郡津南町下船渡戊555
595,越の龍神,こしのりゅうじん,苗場酒造,新潟県,中魚沼郡,新潟県中魚沼郡津南町下船渡戊555
594,苗場山,なえばさん,苗場酒造,新潟県,中魚沼郡,新潟県中魚沼郡津南町下船渡戊555
2319,良寛,りょうかん,苗場酒造,新潟県,中魚沼郡,新潟県中魚沼郡津南町下船渡戊555
596,龍ヶ窪,りゅうがくぼ,苗場酒造,新潟県,中魚沼郡,新潟県中魚沼郡津南町下船渡戊555
2924,雪美人,ゆきびじん,津南醸造,新潟県,中魚沼郡,新潟県中魚沼郡津南町秋成7141
3632,朝日松,あさひまつ,津南醸造,新潟県,中魚沼郡,新潟県中魚沼郡津南町秋成7141
3633,津南郷,つなんごう,津南醸造,新潟県,中魚沼郡,新潟県中魚沼郡津南町秋成7141
2925,名水の恵,めいすいのめぐみ,津南醸造,新潟県,中魚沼郡,新潟県中魚沼郡津南町秋成7141
2926,妻有郷,つまりごう,津南醸造,新潟県,中魚沼郡,新潟県中魚沼郡津南町秋成7141
2201,津南,つなん,津南醸造,新潟県,中魚沼郡,新潟県中魚沼郡津南町秋成7141
2202,ユキグニモノガタリ,ゆきぐにものがたり,津南醸造,新潟県,中魚沼郡,新潟県中魚沼郡津南町秋成7141
2200,霧の塔,きりのとう,津南醸造,新潟県,中魚沼郡,新潟県中魚沼郡津南町秋成7141
143,天神囃子,てんじんばやし,魚沼酒造,新潟県,十日町市,新潟県十日町市中条丙1276
3048,越天翔,こしてんしょう,魚沼酒造,新潟県,十日町市,新潟県十日町市中条丙1276
3047,越乃八幡川,やはたがわ,魚沼酒造,新潟県,十日町市,新潟県十日町市中条丙1276
3046,縄文の響,じょうもんのひびき,魚沼酒造,新潟県,十日町市,新潟県十日町市中条丙1276
1687,明和義人,めいわぎじん,今代司酒造,新潟県,新潟市中央区,新潟県新潟市中央区鏡が岡1-1
1688,白い酒,しろいさけ,今代司酒造,新潟県,新潟市中央区,新潟県新潟市中央区鏡が岡1-1
1684,花柳界,かりゅうかい,今代司酒造,新潟県,新潟市中央区,新潟県新潟市中央区鏡が岡1-1
3034,しゃんぽん しらほし,しゃんぽん しらほし,今代司酒造,新潟県,新潟市中央区,新潟県新潟市中央区鏡が岡1-1
1685,大彦命,おおひこのみこと,今代司酒造,新潟県,新潟市中央区,新潟県新潟市中央区鏡が岡1-1
1686,鳩摩羅什,くまらじゅう,今代司酒造,新潟県,新潟市中央区,新潟県新潟市中央区鏡が岡1-1
3594,おむすび 黒,おむすび,今代司酒造,新潟県,新潟市中央区,新潟県新潟市中央区鏡が岡1-1
552,今代司,いまよつかさ,今代司酒造,新潟県,新潟市中央区,新潟県新潟市中央区鏡が岡1-1
131,越の華,こしのはな,越の華酒造,新潟県,新潟市,新潟県新潟市沼垂西3-8-6
1169,越乃寒梅,こしのかんばい,石本酒造,新潟県,新潟市,新潟県新潟市北山847-1
130,日本海,にほんかい,伊藤酒造,新潟県,新潟市,新潟県新潟市
2487,もりひかり,もりひかり,塩川酒造,新潟県,新潟市西区,新潟県新潟市西区内野町662
1439,越の関,こしのせき,塩川酒造,新潟県,新潟市西区,新潟県新潟市西区内野町662
2491,日本海,にほんかい,塩川酒造,新潟県,新潟市西区,新潟県新潟市西区内野町662
2486,Fisherman Sokujo,,塩川酒造,新潟県,新潟市西区,新潟県新潟市西区内野町662
2492,雪原の灯,せつげんのひ,塩川酒造,新潟県,新潟市西区,新潟県新潟市西区内野町662
2191,Cowboy Yamahai,,塩川酒造,新潟県,新潟市西区,新潟県新潟市西区内野町662
2488,越,こし,塩川酒造,新潟県,新潟市西区,新潟県新潟市西区内野町662
2190,新雪物語,しんせつものがたり,塩川酒造,新潟県,新潟市西区,新潟県新潟市西区内野町662
2490,千の風,せんのかぜ,塩川酒造,新潟県,新潟市西区,新潟県新潟市西区内野町662
2489,願人,ねがいびと,塩川酒造,新潟県,新潟市西区,新潟県新潟市西区内野町662
554,鶴の友,つるのとも,樋木酒造,新潟県,新潟市,新潟県新潟市内野町582
3025,朗,ほがらか,濱倉酒造,新潟県,新潟市,新潟県新潟市
3026,雪錦,ゆきにしき,濱倉酒造,新潟県,新潟市,新潟県新潟市
132,白露,しらつゆ,高野酒造,新潟県,新潟市西区,新潟県新潟市西区木山24-1
1772,越後娘,えちごむすめ,高野酒造,新潟県,新潟市西区,新潟県新潟市西区木山24-1
1773,越路吹雪,こしじふぶき,高野酒造,新潟県,新潟市西区,新潟県新潟市西区木山24-1
1777,水の都 柳都,りゅうと,高野酒造,新潟県,新潟市西区,新潟県新潟市西区木山24-1
1778,新潟小町,にいがたこまち,高野酒造,新潟県,新潟市西区,新潟県新潟市西区木山24-1
3498,ライフプレミアム,らいふぷれみあむ,高野酒造,新潟県,新潟市西区,新潟県新潟市西区木山24-1
1779,越乃寒雪,こしのかんせつ,高野酒造,新潟県,新潟市西区,新潟県新潟市西区木山24-1
1774,迎春花,げいしゅんか,高野酒造,新潟県,新潟市西区,新潟県新潟市西区木山24-1
1776,越匠,えっしょう,高野酒造,新潟県,新潟市西区,新潟県新潟市西区木山24-1
1775,越乃冬雪花,こしのとうせつか,高野酒造,新潟県,新潟市西区,新潟県新潟市西区木山24-1
3595,おむすび 柳,おむすび,越後伝衛門,新潟県,新潟市北区,新潟県新潟市北区内島見101-1
560,伝衛門,でんえもん,越後伝衛門,新潟県,新潟市北区,新潟県新潟市北区内島見101-1
1403,越乃八豊,こしのはっぽう,越後酒造場,新潟県,新潟市,新潟県新潟市北区葛塚3306-1
1404,甘雨,かんう,越後酒造場,新潟県,新潟市,新潟県新潟市北区葛塚3306-1
137,越乃梅里,こしのばいり,DHC酒造,新潟県,新潟市北区,新潟県新潟市北区嘉山1-6-1
3863,悠天,ゆうてん,DHC酒造,新潟県,新潟市北区,新潟県新潟市北区嘉山1-6-1
3344,恋がかなう,こいがかなう,DHC酒造,新潟県,新潟市北区,新潟県新潟市北区嘉山1-6-1
3345,朝日晴,あさひばれ,DHC酒造,新潟県,新潟市北区,新潟県新潟市北区嘉山1-6-1
3346,越後辛口太郎,えちごからくちたろう,DHC酒造,新潟県,新潟市北区,新潟県新潟市北区嘉山1-6-1
3342,越乃無双,こしのむそう,DHC酒造,新潟県,新潟市北区,新潟県新潟市北区嘉山1-6-1
3341,嘉山,かやま,DHC酒造,新潟県,新潟市北区,新潟県新潟市北区嘉山1-6-1
3343,平エ門,へいえもん,DHC酒造,新潟県,新潟市北区,新潟県新潟市北区嘉山1-6-1
148,天領盃,てんりょうはい,天領盃酒造,新潟県,佐渡市,新潟県佐渡市加茂歌代458
1430,真稜,しんりょう,逸見酒造,新潟県,佐渡市,新潟県佐渡市長石84-甲
2839,至,いたる,逸見酒造,新潟県,佐渡市,新潟県佐渡市長石84-甲
618,菊波,きくなみ,菊波酒造,新潟県,佐渡市,新潟県佐渡市
147,真野鶴,まのつる,尾畑酒造,新潟県,佐渡市,新潟県佐渡市真野新町449
3797,学校蔵,がっこうぐら,尾畑酒造,新潟県,佐渡市,新潟県佐渡市真野新町449
3798,辛口産経,からくちさんけい,尾畑酒造,新潟県,佐渡市,新潟県佐渡市真野新町449
3521,つばめ分水桜まつり,つばめぶんすいさくらまつり,北雪酒造,新潟県,佐渡市,新潟県佐渡市徳和2377-2
3522,花魁の里,おいらんのさと,北雪酒造,新潟県,佐渡市,新潟県佐渡市徳和2377-2
616,北雪,ほくせつ,北雪酒造,新潟県,佐渡市,新潟県佐渡市徳和2377-2
3197,鬼夜叉,おにやしゃ,北雪酒造,新潟県,佐渡市,新潟県佐渡市徳和2377-2
3478,NOBU,のぶ,北雪酒造,新潟県,佐渡市,新潟県佐渡市徳和2377-2
3520,きららん,きららん,北雪酒造,新潟県,佐渡市,新潟県佐渡市徳和2377-2
617,金鶴,きんつる,加藤酒造店,新潟県,佐渡市,新潟県佐渡市沢根炭屋町50
3027,寒元,かんもと,佐渡発酵,新潟県,佐渡市,新潟県佐渡市関650-1
3028,佐渡のどぶろく,さどのどぶろく,佐渡発酵,新潟県,佐渡市,新潟県佐渡市関650-1
2189,笹祝,ささいわい,笹祝酒造,新潟県,新潟市西蒲区,新潟県新潟市西蒲区松野尾3249
562,越後鶴亀,えちごつるかめ,越後鶴亀,新潟県,新潟市西蒲区,新潟県新潟市西蒲区竹野町2580
561,峰乃白梅,みねのはくばい,峰乃白梅酒造,新潟県,新潟市西蒲区,新潟県新潟市西蒲区福井1833
3853,KING OF MODERN LIGHT,,峰乃白梅酒造,新潟県,新潟市西蒲区,新潟県新潟市西蒲区福井1833
1929,宝山,たからやま,宝山酒造,新潟県,新潟市西蒲区,新潟県新潟市西蒲区石瀬1380
3860,二才の醸,にさいのかもし,宝山酒造,新潟県,新潟市西蒲区,新潟県新潟市西蒲区石瀬1380
3006,五十嵐川,いがらしがわ,福顔酒造,新潟県,三条市,新潟県三条市林町1-5-38
3008,宇寿屋,うすや,福顔酒造,新潟県,三条市,新潟県三条市林町1-5-38
3005,福顔,ふくがお,福顔酒造,新潟県,三条市,新潟県三条市林町1-5-38
3007,越後平野,えちごへいや,福顔酒造,新潟県,三条市,新潟県三条市林町1-5-38
1130,村祐,むらゆう,村祐酒造,新潟県,新潟市秋葉区,新潟県新潟市秋葉区舟戸1-1-1
3531,常盤松,ときわまつ,村祐酒造,新潟県,新潟市秋葉区,新潟県新潟市秋葉区舟戸1-1-1
2743,嵩村桂,たかむらけい,村祐酒造,新潟県,新潟市秋葉区,新潟県新潟市秋葉区舟戸1-1-1
1129,花越路,はなこしじ,村祐酒造,新潟県,新潟市秋葉区,新潟県新潟市秋葉区舟戸1-1-1
136,菊水,きくすい,菊水酒造,新潟県,新発田市,新潟県新発田市島潟750
558,初花,はつはな,金升酒造,新潟県,新発田市,新潟県新発田市豊町1-9-30
2814,金升,かねます,金升酒造,新潟県,新発田市,新潟県新発田市豊町1-9-30
3858,AWANAMA,あわなま,金升酒造,新潟県,新発田市,新潟県新発田市豊町1-9-30
557,王紋,おうもん,市島酒造,新潟県,新発田市,新潟県新発田市諏訪町3-1-17
1445,市島,いちしま,市島酒造,新潟県,新発田市,新潟県新発田市諏訪町3-1-17
555,ふじの井,ふじのい,ふじの井酒造,新潟県,新発田市,新潟県新発田市藤塚浜1335
556,しうんの光,しうんのひかり,ふじの井酒造,新潟県,新発田市,新潟県新発田市藤塚浜1335
2354,北翔,ほくしょう,大洋酒造,新潟県,村上市,新潟県村上市飯野1-4-31
1550,越の魂,こしのたましい,大洋酒造,新潟県,村上市,新潟県村上市飯野1-4-31
3100,無想,むそう,大洋酒造,新潟県,村上市,新潟県村上市飯野1-4-31
1552,純越後,じゅんえちご,大洋酒造,新潟県,村上市,新潟県村上市飯野1-4-31
1548,越後流,えちごりゅう,大洋酒造,新潟県,村上市,新潟県村上市飯野1-4-31
1554,越乃松露,こしのしょうろ,大洋酒造,新潟県,村上市,新潟県村上市飯野1-4-31
1549,雪華光,せっかこう,大洋酒造,新潟県,村上市,新潟県村上市飯野1-4-31
1553,越乃瀬波,こしのせなみ,大洋酒造,新潟県,村上市,新潟県村上市飯野1-4-31
3524,雪先花,せっせんか,大洋酒造,新潟県,村上市,新潟県村上市飯野1-4-31
1551,鈴ヶ瀧,すずがたき,大洋酒造,新潟県,村上市,新潟県村上市飯野1-4-31
1547,大洋盛,たいようざかり,大洋酒造,新潟県,村上市,新潟県村上市飯野1-4-31
3523,鄙願,ひがん,大洋酒造,新潟県,村上市,新潟県村上市飯野1-4-31
2802,日本国,にほんこく,大洋酒造,新潟県,村上市,新潟県村上市飯野1-4-31
615,〆張鶴,しめはりつる,宮尾酒造,新潟県,村上市,新潟県村上市上片町5-15
1587,弥彦愛国,,弥彦酒造,新潟県,西蒲原郡,新潟県西蒲原郡弥彦村上泉1830-1
1431,越乃白雪,こしのはくせつ,弥彦酒造,新潟県,西蒲原郡,新潟県西蒲原郡弥彦村上泉1830-1
1436,雪の幻,ゆきのまぼろし,朝妻酒造,新潟県,新潟市,新潟県新潟市曽根251-2
3593,荷札酒,にふだざけ,加茂錦酒造,新潟県,加茂市,新潟県加茂市仲町3-3
2194,加茂錦,かもにしき,加茂錦酒造,新潟県,加茂市,新潟県加茂市仲町3-3
3574,壱久,いっきゅう,加茂錦酒造,新潟県,加茂市,新潟県加茂市仲町3-3
563,越乃雪椿,こしのゆきつばき,雪椿酒造,新潟県,加茂市,新潟県加茂市仲町3-14
565,萬寿鏡,ますかがみ,マスカガミ,新潟県,加茂市,新潟県加茂市若宮町1-1-32
3603,雪影,ゆきかげ,金鵄盃酒造,新潟県,五泉市,新潟県五泉市村松甲1836番地1
3602,村松,むらまつ,金鵄盃酒造,新潟県,五泉市,新潟県五泉市村松甲1836番地1
2193,越後杜氏,えちごとうじ,金鵄盃酒造,新潟県,五泉市,新潟県五泉市村松甲1836番地1
3601,金鵄盃,きんしはい,金鵄盃酒造,新潟県,五泉市,新潟県五泉市村松甲1836番地1
3604,帛乙女,きぬおとめ,金鵄盃酒造,新潟県,五泉市,新潟県五泉市村松甲1836番地1
1437,菅名岳,すがなだけ,近藤酒造,新潟県,五泉市,新潟県五泉市吉沢2-3-50
1438,越乃鹿六,こしのかろく,近藤酒造,新潟県,五泉市,新潟県五泉市吉沢2-3-50
133,越乃日本桜,こしのにほんざくら,越後桜酒造,新潟県,阿賀野市,新潟県阿賀野市山口町1-7-13
1391,越後桜,えちござくら,越後桜酒造,新潟県,阿賀野市,新潟県阿賀野市山口町1-7-13
3630,白鳥蔵,はくちょうぐら,越後桜酒造,新潟県,阿賀野市,新潟県阿賀野市山口町1-7-13
559,白龍,はくりゅう,白龍酒造,新潟県,阿賀野市,新潟県阿賀野市岡山町3-7
1223,越乃あじわい,こしのあじわい,越つかの酒造,新潟県,阿賀野市,新潟県阿賀野市分田1328
1216,代々泉,よよいずみ,越つかの酒造,新潟県,阿賀野市,新潟県阿賀野市分田1328
3729,虎千代,とらちよ,越つかの酒造,新潟県,阿賀野市,新潟県阿賀野市分田1328
1215,越乃溪水,こしのけいすい,越つかの酒造,新潟県,阿賀野市,新潟県阿賀野市分田1328
3637,丸にぼーいち,まるにぼーいち,下越酒造,新潟県,東蒲原郡,新潟県東蒲原郡阿賀町津川3644
2192,蒲原,かんばら,下越酒造,新潟県,東蒲原郡,新潟県東蒲原郡阿賀町津川3644
134,麒麟,ほまれきりん,下越酒造,新潟県,東蒲原郡,新潟県東蒲原郡阿賀町津川3644
135,麒麟山,きりんざん,麒麟山酒造,新潟県,東蒲原郡,新潟県東蒲原郡阿賀町津川46
3318,ときかぜ,ときかぜ,麒麟山酒造,新潟県,東蒲原郡,新潟県東蒲原郡阿賀町津川46
3319,はでっぱの香,はでっぱのかおり,麒麟山酒造,新潟県,東蒲原郡,新潟県東蒲原郡阿賀町津川46
3014,59醸,ごくじょう,59醸,長野県,http://59jo.com/,長野県http://59jo.com/
3012,SAKU13,さくさーてぃーん,SAKU13,長野県,http://ameblo.jp/sakusake13/,長野県http://ameblo.jp/sakusake13/
3420,信州醸熱タンク,しんしゅうじょうねつたんく,信州醸熱タンク,長野県,,
2251,西之門,にしのもん,よしのや,長野県,長野市,長野県長野市西之門町941
2249,雲山,うんざん,よしのや,長野県,長野市,長野県長野市西之門町941
1913,何丸,なにまる,今井酒造店,長野県,長野市,長野県長野市小島62
512,若緑,わかみどり,今井酒造店,長野県,長野市,長野県長野市小島62
1912,風の露,かぜのしずく,今井酒造店,長野県,長野市,長野県長野市小島62
1707,北信流,ほくしんりゅう,松葉屋本店,長野県,上高井郡,長野県上高井郡小布施町小布施778
1708,本吉乃川,ほんよしのがわ,松葉屋本店,長野県,上高井郡,長野県上高井郡小布施町小布施778
1281,はなしぼり,はなしぼり,桝一市村酒造場,長野県,上高井郡,長野県上高井郡小布施町小布施807
1279,州,しゅう,桝一市村酒造場,長野県,上高井郡,長野県上高井郡小布施町小布施807
1276,スクウェア・ワン,すくうぇあ・わん,桝一市村酒造場,長野県,上高井郡,長野県上高井郡小布施町小布施807
1280,ろく,ろく,桝一市村酒造場,長野県,上高井郡,長野県上高井郡小布施町小布施807
1278,鴻山,こうざん,桝一市村酒造場,長野県,上高井郡,長野県上高井郡小布施町小布施807
1277,碧漪軒,へきいけん,桝一市村酒造場,長野県,上高井郡,長野県上高井郡小布施町小布施807
1275,白金,はっきん,桝一市村酒造場,長野県,上高井郡,長野県上高井郡小布施町小布施807
1601,豊賀,とよか,高沢酒造,長野県,上高井郡,長野県上高井郡小布施町大字飯田776
518,米川,よねかわ,高沢酒造,長野県,上高井郡,長野県上高井郡小布施町大字飯田776
1893,ソッガ,そっが,小布施ワイナリー,長野県,上高井郡,長野県上高井郡小布施町押羽571 / FAX 026-247-5080http://www.obusewinery.com/
1895,ソガ ペール エ フィス,そが ぺーる え ふぃす,小布施ワイナリー,長野県,上高井郡,長野県上高井郡小布施町押羽571 / FAX 026-247-5080http://www.obusewinery.com/
1263,縁喜,えんぎ,玉村本店,長野県,下高井郡,長野県下高井郡山ノ内町平穏1163
2862,真田十万石,さなだじゅうまんごく,松代宮坂酒造店,長野県,長野市,長野県長野市松代町松代491
3791,怒武八,どぶはち,松代宮坂酒造店,長野県,長野市,長野県長野市松代町松代491
3790,遊学城下町,ゆうがくじょうかまち,松代宮坂酒造店,長野県,長野市,長野県長野市松代町松代491
3789,松代城,まつしろじょう,松代宮坂酒造店,長野県,長野市,長野県長野市松代町松代491
2859,海津桜,かいづざくら,松代宮坂酒造店,長野県,長野市,長野県長野市松代町松代491
2860,象山正宗,ぞうざんまさむね,松代宮坂酒造店,長野県,長野市,長野県長野市松代町松代491
2861,松代一番,まつしろいちばん,松代宮坂酒造店,長野県,長野市,長野県長野市松代町松代491
3764,富士横綱,ふじよこづな,横綱酒造,長野県,長野市,長野県長野市
3765,カルカヤ正宗,かるかやまさむね,横綱酒造,長野県,長野市,長野県長野市
2755,KAWANAKAJIMA silky white,かわなかじま しるきーほわいと,酒千蔵野,長野県,長野市,長野県長野市川中島町今井368-1
2753,幻舞,げんぶ,酒千蔵野,長野県,長野市,長野県長野市川中島町今井368-1
3239,Mari,,酒千蔵野,長野県,長野市,長野県長野市川中島町今井368-1
513,桂正宗,かつらまさむね,酒千蔵野,長野県,長野市,長野県長野市川中島町今井368-1
1178,麻輝,あさき,酒千蔵野,長野県,長野市,長野県長野市川中島町今井368-1
2749,鞍骨城,くらぼねじょう,酒千蔵野,長野県,長野市,長野県長野市川中島町今井368-1
514,川中島,かわなかじま,酒千蔵野,長野県,長野市,長野県長野市川中島町今井368-1
3233,御苑,みその,酒千蔵野,長野県,長野市,長野県長野市川中島町今井368-1
2754,Kawanakajima-Fuwarin,,酒千蔵野,長野県,長野市,長野県長野市川中島町今井368-1
1954,松翠,まつみどり,東飯田酒造店,長野県,長野市,長野県長野市篠ノ井小松原1724
1955,信里の夜明け,のぶさとのよあけ,東飯田酒造店,長野県,長野市,長野県長野市篠ノ井小松原1724
1953,本老の松,もとおいのまつ,東飯田酒造店,長野県,長野市,長野県長野市篠ノ井小松原1724
114,信濃光,しなのひかり,西飯田酒造店,長野県,長野市,長野県長野市篠ノ井小松原1726
1951,積善,せきぜん,西飯田酒造店,長野県,長野市,長野県長野市篠ノ井小松原1726
1952,吟麗花,ぎんれいか,西飯田酒造店,長野県,長野市,長野県長野市篠ノ井小松原1726
1107,美寿々錦,みすずにしき,尾澤酒造場,長野県,長野市,長野県長野市信州新町新町168-1
3251,Snowflake,すのーふれーく,尾澤酒造場,長野県,長野市,長野県長野市信州新町新町168-1
1106,十九,じゅうく,尾澤酒造場,長野県,長野市,長野県長野市信州新町新町168-1
2250,臥龍山,がりゅうざん,松葉屋,長野県,須坂市,長野県須坂市
516,渓流,けいりゅう,遠藤酒造場,長野県,須坂市,長野県須坂市須坂29
3787,直虎,なおとら,遠藤酒造場,長野県,須坂市,長野県須坂市須坂29
549,中野土びな,なかのつちびな,井賀屋酒造場,長野県,中野市,長野県中野市中野1597
548,岩清水,いわしみず,井賀屋酒造場,長野県,中野市,長野県中野市中野1597
2248,勢正宗,いきおいまさむね,丸世酒造店,長野県,中野市,長野県中野市中央2-5-12
3348,一滴二滴,いってきにてき,志賀泉酒造,長野県,中野市,長野県中野市東山3-1
547,志賀泉,しがいずみ,志賀泉酒造,長野県,中野市,長野県中野市東山3-1
1519,天領誉,てんりょうほまれ,天領誉酒造,長野県,中野市,長野県中野市大字岩船190
1821,浅間嶽,あさまだけ,大塚酒造,長野県,小諸市,長野県小諸市大手2-1-24
1961,秀峰浅間,しゅうほうあさま,橘倉酒造,長野県,佐久市,長野県佐久市臼田653-2
1957,蔵,くら,橘倉酒造,長野県,佐久市,長野県佐久市臼田653-2
1958,菊秀,きくひで,橘倉酒造,長野県,佐久市,長野県佐久市臼田653-2
1960,無尽蔵,むじんぞう,橘倉酒造,長野県,佐久市,長野県佐久市臼田653-2
1959,本菊泉,ほんきくいずみ,橘倉酒造,長野県,佐久市,長野県佐久市臼田653-2
1131,佐久乃花,さくのはな,佐久の花酒造,長野県,佐久市,長野県佐久市下越620
3030,雪國,,黒澤酒造,長野県,南佐久郡,長野県南佐久郡佐久穂町穂積1400
3029,八千穂,やちほ,黒澤酒造,長野県,南佐久郡,長野県南佐久郡佐久穂町穂積1400
1218,井筒長,いづつちょう,黒澤酒造,長野県,南佐久郡,長野県南佐久郡佐久穂町穂積1400
1220,○ト,まると,黒澤酒造,長野県,南佐久郡,長野県南佐久郡佐久穂町穂積1400
1219,黒澤,くろさわ,黒澤酒造,長野県,南佐久郡,長野県南佐久郡佐久穂町穂積1400
2258,信濃のかたりべ,しなののかたりべ,大澤酒造,長野県,佐久市,長野県佐久市茂田井2206
525,明鏡止水,めいきょうしすい,大澤酒造,長野県,佐久市,長野県佐久市茂田井2206
1156,勢起,せき,大澤酒造,長野県,佐久市,長野県佐久市茂田井2206
3337,大吉野,おおよしの,大澤酒造,長野県,佐久市,長野県佐久市茂田井2206
2256,十二六,どぶろく,武重本家酒造,長野県,佐久市,長野県佐久市茂田井2179
2257,牧水,ぼくすい,武重本家酒造,長野県,佐久市,長野県佐久市茂田井2179
2255,御園竹,みそのたけ,武重本家酒造,長野県,佐久市,長野県佐久市茂田井2179
522,吉田屋治助,よしだやじすけ,千曲錦酒造,長野県,佐久市,長野県佐久市大字長土呂1110
1750,帰山,きざん,千曲錦酒造,長野県,佐久市,長野県佐久市大字長土呂1110
1751,Riz Vin,り・ばん（リ・ヴァン）,千曲錦酒造,長野県,佐久市,長野県佐久市大字長土呂1110
521,千曲錦,ちくまにしき,千曲錦酒造,長野県,佐久市,長野県佐久市大字長土呂1110
523,寒竹,かんちく,戸塚酒造店,長野県,佐久市,長野県佐久市岩村田752
116,深山桜,みやまざくら,古屋酒造店,長野県,佐久市,長野県佐久市塚原411
1831,和和和,わわわ,古屋酒造店,長野県,佐久市,長野県佐久市塚原411
1830,浅岳軽井沢,かるいざわ,古屋酒造店,長野県,佐久市,長野県佐久市塚原411
2259,金宝芙蓉,きんぽうふよう,芙蓉酒造,長野県,佐久市,長野県佐久市平賀5371-1
2260,初鶯,はつうぐいす,木内醸造,長野県,佐久市,長野県佐久市大沢985
519,亀の海,かめのうみ,土屋酒造店,長野県,佐久市,長野県佐久市中込1914-2
1377,茜さす,あかねさす,土屋酒造店,長野県,佐久市,長野県佐久市中込1914-2
520,美山の詩,みやまのうた,土屋酒造店,長野県,佐久市,長野県佐久市中込1914-2
2817,Michelle,みっしぇる,伴野酒造,長野県,佐久市,長野県佐久市野沢123
2269,雷電,らいでん,伴野酒造,長野県,佐久市,長野県佐久市野沢123
524,澤の花,さわのはな,伴野酒造,長野県,佐久市,長野県佐久市野沢123
526,信州亀齢,きれい,岡崎酒造,長野県,上田市,長野県上田市中央4-7-33
2685,和田龍登水,わだりゅうとすい,和田龍酒造,長野県,上田市,長野県上田市中央西1-14-14
2254,和田龍,わだりゅう,和田龍酒造,長野県,上田市,長野県上田市中央西1-14-14
2252,互,ご,沓掛酒造,長野県,上田市,長野県上田市下塩尻35
528,酣中存真楽,かんちゅうそんしんらく,沓掛酒造,長野県,上田市,長野県上田市下塩尻35
117,福無量,ふくむりょう,沓掛酒造,長野県,上田市,長野県上田市下塩尻35
118,秀峰 喜久盛,しゅうほう きくざかり,信州銘醸,長野県,上田市,長野県上田市長瀬2999-1
3608,和乃醇,わのじゅん,信州銘醸,長野県,上田市,長野県上田市長瀬2999-1
2268,鼎,かなえ,信州銘醸,長野県,上田市,長野県上田市長瀬2999-1
1488,黒耀,こくよう,信州銘醸,長野県,上田市,長野県上田市長瀬2999-1
3607,醲献,じょうこん,信州銘醸,長野県,上田市,長野県上田市長瀬2999-1
3606,明峰 喜久盛,めいほう きくざかり,信州銘醸,長野県,上田市,長野県上田市長瀬2999-1
1486,瀧澤,たきざわ,信州銘醸,長野県,上田市,長野県上田市長瀬2999-1
1487,梁山泊,りょうざんぱく,信州銘醸,長野県,上田市,長野県上田市長瀬2999-1
1518,真田六文銭,ろくもんせん,山三酒造,長野県,上田市,長野県上田市御嶽堂687-1
2253,月吉野,つきよしの,若林醸造,長野県,上田市,長野県上田市中野466
2069,聖山,せいざん,長野銘醸,長野県,千曲市,長野県千曲市八幡275
2887,風神雷神,ふうじんらいじん,長野銘醸,長野県,千曲市,長野県千曲市八幡275
1186,姨捨正宗,おばすてまさむね,長野銘醸,長野県,千曲市,長野県千曲市八幡275
527,天法,てんぽう,天法酒造,長野県,千曲市,長野県千曲市千本柳659
2851,宝ヶ池,たからがいけ,坂井銘醸,長野県,千曲市,長野県千曲市戸倉1855-1
515,松尾,まつお,高橋助作酒造店,長野県,上水内郡,長野県上水内郡信濃町古間856-1
551,水尾,みずお,田中屋酒造店,長野県,飯山市,長野県飯山市大字飯山2227
550,北光正宗,ほっこうまさむね,角口酒造店,長野県,飯山市,長野県飯山市常郷1147
537,岩波,いわなみ,岩波酒造,長野県,松本市,長野県松本市里山辺5159
1348,鏡花水月,きょうかすいげつ,岩波酒造,長野県,松本市,長野県松本市里山辺5159
2265,深志鶴,ふかしつる,奥澤商会,長野県,松本市,長野県松本市中央2-1-20
127,笹の誉,ささのほまれ,笹井酒造,長野県,松本市,長野県松本市島内3682
1489,アルプス正宗,あるぷすまさむね,亀田屋酒造店,長野県,松本市,長野県松本市島立2748
126,大信州,だいしんしゅう,大信州酒造,長野県,松本市,長野県松本市島立2380
1082,香月,こうづき,大信州酒造,長野県,松本市,長野県松本市島立2380
539,春香彩,しゅんかいろどり,大信州酒造,長野県,松本市,長野県松本市島立2380
2266,善哉,よいかな,善哉酒造,長野県,松本市,長野県松本市大手5-4-24
2267,女鳥羽の泉,めとばのいずみ,善哉酒造,長野県,松本市,長野県松本市大手5-4-24
1168,ダイヤ菊,だいやぎく,諏訪大津屋本家酒造,長野県,茅野市,長野県茅野市ちの2998番地
1454,横笛,よこぶえ,伊東酒造,長野県,諏訪市,長野県諏訪市諏訪2-3-6
119,舞姫,まいひめ,舞姫酒造,長野県,諏訪市,長野県諏訪市諏訪2-9-25
1101,翠露,すいろ,舞姫酒造,長野県,諏訪市,長野県諏訪市諏訪2-9-25
1844,本金,ほんきん,酒ぬのや本金酒造,長野県,諏訪市,長野県諏訪市諏訪2丁目8-21
121,麗人,れいじん,麗人酒造,長野県,諏訪市,長野県諏訪市諏訪2-9-21
1378,みやさか,みやさか,宮坂醸造,長野県,諏訪市,長野県諏訪市元町1-16
120,真澄,ますみ,宮坂醸造,長野県,諏訪市,長野県諏訪市元町1-16
1455,御湖鶴,みこつる,菱友醸造,長野県,諏訪郡,長野県諏訪郡下諏訪町御田町3205-17
1843,高天,こうてん,高天酒造,長野県,岡谷市,長野県岡谷市銀座2-2-17
1584,豊香,ほうか,豊島屋,長野県,岡谷市,長野県岡谷市本町3-9-1
122,神渡,みわたり,豊島屋,長野県,岡谷市,長野県岡谷市本町3-9-1
2264,聖岳,ひじりだけ,喜久水酒造,長野県,飯田市,長野県飯田市鼎切石4293番地
124,喜久水,きくすい,喜久水酒造,長野県,飯田市,長野県飯田市鼎切石4293番地
529,井乃頭,いのかしら,漆戸醸造,長野県,伊那市,長野県伊那市西町4875-1
530,信濃錦,しなのにしき,宮島酒店,長野県,伊那市,長野県伊那市荒井3629番地1
1228,斬九郎,ざんくろう,宮島酒店,長野県,伊那市,長野県伊那市荒井3629番地1
531,水樂そう,すいがくそう,宮島酒店,長野県,伊那市,長野県伊那市荒井3629番地1
1783,仙人蔵,せんにんぐら,仙醸,長野県,伊那市,長野県伊那市高遠町上山田2432
1784,仙醸,せんじょう,仙醸,長野県,伊那市,長野県伊那市高遠町上山田2432
123,黒松仙醸,くろまつせんじょう,仙醸,長野県,伊那市,長野県伊那市高遠町上山田2432
1786,チキート,ちきーと,仙醸,長野県,伊那市,長野県伊那市高遠町上山田2432
1785,奏音,かなね,仙醸,長野県,伊那市,長野県伊那市高遠町上山田2432
1787,こんな夜に…,こんなよるに…,仙醸,長野県,伊那市,長野県伊那市高遠町上山田2432
125,七笑,ななわらい,七笑酒造,長野県,木曽郡,長野県木曽郡木曽町福島5135
1132,七つの笑い酒,ななつのわらいさけ,七笑酒造,長野県,木曽郡,長野県木曽郡木曽町福島5135
3253,美 ROKU,びろく,七笑酒造,長野県,木曽郡,長野県木曽郡木曽町福島5135
1068,中乗さん,なかのりさん,中善酒造店,長野県,木曽郡,長野県木曽郡木曽町福島5990
545,金蘭黒部,きんらんくろべ,かぶちゃん信州酒造 市野屋商店,長野県,大町市,長野県市野屋商店〒398-0002 長野県
2742,福蘭,ふくらん,かぶちゃん信州酒造 市野屋商店,長野県,大町市,長野県市野屋商店〒398-0002 長野県
3139,白馬紫雲,はくばしうん,北安醸造,長野県,大町市,長野県大町市大町2340-1
3138,雷鳥の里,らいちょうのさと,北安醸造,長野県,大町市,長野県大町市大町2340-1
3136,いいずら,いいずら,北安醸造,長野県,大町市,長野県大町市大町2340-1
3141,居谷里,いやり,北安醸造,長野県,大町市,長野県大町市大町2340-1
3140,豊響,みのり,北安醸造,長野県,大町市,長野県大町市大町2340-1
3134,あづみ野育ち,あづみのそだち,北安醸造,長野県,大町市,長野県大町市大町2340-1
546,北安大國,,北安醸造,長野県,大町市,長野県大町市大町2340-1
3135,山響,やまびこ,北安醸造,長野県,大町市,長野県大町市大町2340-1
3133,小谷錦,おたりにしき,北安醸造,長野県,大町市,長野県大町市大町2340-1
3137,塩の絆,しおのきずな,北安醸造,長野県,大町市,長野県大町市大町2340-1
544,白馬錦,はくばにしき,薄井商店,長野県,大町市,長野県大町市大町2512-1
3338,頼母鶴,たのもつる,小野酒造店,長野県,上伊那郡,長野県上伊那郡辰野町小野992-1
532,夜明け前,よあけまえ,小野酒造店,長野県,上伊那郡,長野県上伊那郡辰野町小野992-1
536,伊那菊,いなぎく,小野酒造店,長野県,上伊那郡,長野県上伊那郡辰野町小野992-1
543,高波,たかなみ,丸永酒造場,長野県,塩尻市,長野県塩尻市広丘高出840
1621,嘉根満,かねまん,笑亀酒造,長野県,塩尻市,長野県塩尻市塩尻町140
3349,貴魂,きこん,笑亀酒造,長野県,塩尻市,長野県塩尻市塩尻町140
1620,笑亀,しょうき,笑亀酒造,長野県,塩尻市,長野県塩尻市塩尻町140
533,今錦,いまにしき,米澤酒造,長野県,上伊那郡,長野県上伊那郡中川村大草4182-1
3296,新・今錦伝,しん いまにしきでん,米澤酒造,長野県,上伊那郡,長野県上伊那郡中川村大草4182-1
1752,おたまじゃくし,おたまじゃくし,米澤酒造,長野県,上伊那郡,長野県上伊那郡中川村大草4182-1
534,天龍,てんりゅう,米澤酒造,長野県,上伊那郡,長野県上伊那郡中川村大草4182-1
535,信濃鶴,しなのつる,酒造長生社,長野県,駒ケ根市,長野県駒ケ根市赤須東10-31
2262,大國,,大國酒造,長野県,伊那市,長野県伊那市西春近2161-1
2263,御馬寄,みまよせ,大國酒造,長野県,伊那市,長野県伊那市西春近2161-1
2261,岸の松,きしのまつ,山岸酒店,長野県,上伊那郡,長野県上伊那郡箕輪町中箕輪9549
1309,木曽のかけはし,きそのかけはし,西尾酒造,長野県,木曽郡,長野県木曽郡大桑村須原893
538,木曽路,きそじ,湯川酒造店,長野県,木曽郡,長野県木曽郡木祖村薮原1003-1
1956,九郎右衛門,くろうえもん,湯川酒造店,長野県,木曽郡,長野県木曽郡木祖村薮原1003-1
1069,杉の森,すぎのもり,杉の森酒造,長野県,塩尻市,長野県塩尻市
1070,美寿々,みすず,美寿々酒造,長野県,塩尻市,長野県塩尻市洗馬2402
541,廣田泉,ひろたいずみ,明科酒造,長野県,安曇野市,長野県安曇野市明科中川手4176
3788,月光,げっこう,菊水醸造店,長野県,松本市,長野県松本市会田755-1
542,山清,さんせい,山清酒造,長野県,東筑摩郡,長野県東筑摩郡筑北村坂北1720
3792,御開帳,ごかいちょう,山清酒造,長野県,東筑摩郡,長野県東筑摩郡筑北村坂北1720
1933,深江蔵,ふかえぐら,EH酒造,長野県,安曇野市,長野県安曇野市豊科高家1090-1
1931,男の涙,おとこのなみだ,EH酒造,長野県,安曇野市,長野県安曇野市豊科高家1090-1
1930,鬼かん,おにかん,EH酒造,長野県,安曇野市,長野県安曇野市豊科高家1090-1
540,酔園,すいえん,EH酒造,長野県,安曇野市,長野県安曇野市豊科高家1090-1
1932,雪乃酒,ゆきのさけ,EH酒造,長野県,安曇野市,長野県安曇野市豊科高家1090-1
129,北アルプス,きたあるぷす,福源酒造,長野県,北安曇郡,長野県北安曇郡池田町池田2100
128,大雪渓,だいせっけい,大雪渓酒造,長野県,北安曇郡,長野県北安曇郡池田町会染9642-2
2930,白緑,しろみどり,有澤酒造店,富山県,中新川郡,富山県中新川郡上市町北島1088
1598,羽根屋,はねや,富美菊酒造,富山県,富山市,富山県富山市百塚134-3
620,富美菊,ふみぎく,富美菊酒造,富山県,富山市,富山県富山市百塚134-3
621,満寿泉,ますいずみ,桝田酒造店,富山県,富山市,富山県富山市東岩瀬町269
1656,弥久,びきゅう,若駒酒造場,富山県,南砺市,富山県南砺市井波3601
631,若駒,わかこま,若駒酒造場,富山県,南砺市,富山県南砺市井波3601
3043,萌,めぐみ,若駒酒造場,富山県,南砺市,富山県南砺市井波3601
3044,木彫の響,きぼりのおと,若駒酒造場,富山県,南砺市,富山県南砺市井波3601
632,八乙女,やおとめ,若駒酒造場,富山県,南砺市,富山県南砺市井波3601
3877,なまず御前,なまずごぜん,若駒酒造場,富山県,南砺市,富山県南砺市井波3601
2580,萬歳北一,ばんざいほくいち,黒田酒造,富山県,小矢部市,富山県小矢部市西中323
3351,日本晴,にほんばれ,日本晴酒造,富山県,高岡市,富山県高岡市
625,勝駒,かちこま,清都酒造場,富山県,高岡市,富山県高岡市京町12-12
1600,曙,あけぼの,高澤酒造場,富山県,氷見市,富山県氷見市北大町18-7
3045,八代仙,はったいせん,高澤酒造場,富山県,氷見市,富山県氷見市北大町18-7
1849,氷見初嵐,はつあらし,高澤酒造場,富山県,氷見市,富山県氷見市北大町18-7
628,氷の舞,こおりのまい,藤波酒造,富山県,氷見市,富山県氷見市
627,藤波,ふじなみ,藤波酒造,富山県,氷見市,富山県氷見市
2578,千代鶴,ちよづる,千代鶴酒造,富山県,滑川市,富山県滑川市下梅沢360
623,名誉北洋,めいよほくよう,本江酒造,富山県,魚津市,富山県魚津市本江新町6-1
2577,越中懐古,えっちゅうかいこ,本江酒造,富山県,魚津市,富山県魚津市本江新町6-1
3542,巌瀬,いわせ,皇国晴酒造,富山県,黒部市,富山県黒部市生地296
3541,豪華生一本,ごうかきいっぽん,皇国晴酒造,富山県,黒部市,富山県黒部市生地296
622,幻の瀧,まぼろしのたき,皇国晴酒造,富山県,黒部市,富山県黒部市生地296
626,銀盤,ぎんばん,銀盤酒造,富山県,黒部市,富山県黒部市荻生4853-3
624,黒部峡,くろべきょう,林酒造場,富山県,下新川郡,富山県下新川郡朝日町境1608
3111,林,はやし,林酒造場,富山県,下新川郡,富山県下新川郡朝日町境1608
2579,勝鬨,かちどき,戸出酒造,富山県,高岡市,富山県高岡市戸出町3-8-7
1850,苗加屋,のうかや,若鶴酒造,富山県,砺波市,富山県砺波市三郎丸208
1238,若鶴,わかつる,若鶴酒造,富山県,砺波市,富山県砺波市三郎丸208
1111,連峰立山,れんぽうたてやま,立山酒造,富山県,砺波市,富山県砺波市中野217
634,銀嶺立山,ぎんれいたてやま,立山酒造,富山県,砺波市,富山県砺波市中野217
1643,太刀山,たちやま,吉江酒造,富山県,砺波市,富山県砺波市若草町5-5
633,成政,なりまさ,成政酒造,富山県,南砺市,富山県南砺市舘418
629,三笑楽,さんしょうらく,三笑楽酒造,富山県,南砺市,富山県南砺市上梨678
1852,おわら娘,おわらむすめ,玉旭酒造,富山県,富山市,富山県富山市八尾町東町2111
1853,月の密,つきのみつ,玉旭酒造,富山県,富山市,富山県富山市八尾町東町2111
1851,玉旭,たまあさひ,玉旭酒造,富山県,富山市,富山県富山市八尾町東町2111
1854,咲いた咲いた,さいたさいた,玉旭酒造,富山県,富山市,富山県富山市八尾町東町2111
3694,八男,やつお,玉旭酒造,富山県,富山市,富山県富山市八尾町東町2111
3042,さら宮,さらみや,玉旭酒造,富山県,富山市,富山県富山市八尾町東町2111
3039,福鶴,ふくつる,福鶴酒造,富山県,富山市,富山県富山市八尾町西町2352
3175,國ノ泉,,福鶴酒造,富山県,富山市,富山県富山市八尾町西町2352
3041,1901,いちきゅうまるいち,福鶴酒造,富山県,富山市,富山県富山市八尾町西町2352
619,風の盆,かぜのぼん,福鶴酒造,富山県,富山市,富山県富山市八尾町西町2352
3040,八王,やつおう,福鶴酒造,富山県,富山市,富山県富山市八尾町西町2352
1855,よしのとも,よしのとも,吉乃友酒造,富山県,富山市,富山県富山市婦中町下井沢3285-1
2583,御所泉,ごしょいずみ,武内酒造店,石川県,金沢市,石川県金沢市御所町イ22
635,加賀鶴,かがつる,やちや酒造,石川県,金沢市,石川県金沢市大樋町8-32
637,日榮,,中村酒造,石川県,金沢市,石川県金沢市長土塀3-2-15
639,ルネサンス金沢,るねさんすかなざわ,中村酒造,石川県,金沢市,石川県金沢市長土塀3-2-15
2584,加賀雪梅,かがせつばい,中村酒造,石川県,金沢市,石川県金沢市長土塀3-2-15
2585,AKIRA,あきら,中村酒造,石川県,金沢市,石川県金沢市長土塀3-2-15
638,加賀太鼓,かがだいこ,中村酒造,石川県,金沢市,石川県金沢市長土塀3-2-15
3940,石川門,いしかわもん,小堀酒造店,石川県,白山市,石川県白山市鶴来本町1丁目ワ47番地
3939,獅子吼,ししく,小堀酒造店,石川県,白山市,石川県白山市鶴来本町1丁目ワ47番地
3665,白山,はくさん,小堀酒造店,石川県,白山市,石川県白山市鶴来本町1丁目ワ47番地
646,萬歳楽,まんざいらく,小堀酒造店,石川県,白山市,石川県白山市鶴来本町1丁目ワ47番地
643,菊姫,きくひめ,菊姫,石川県,白山市,石川県白山市鶴来新町タ8
2588,瑞秀,みずほ,福光屋,石川県,金沢市,石川県金沢市石引2-8-3
641,加賀鳶,かがとび,福光屋,石川県,金沢市,石川県金沢市石引2-8-3
3082,そして伝説へ…,そしてでんせつへ…,福光屋,石川県,金沢市,石川県金沢市石引2-8-3
3070,加賀纏,かがまとい,福光屋,石川県,金沢市,石川県金沢市石引2-8-3
640,福正宗,ふくまさむね,福光屋,石川県,金沢市,石川県金沢市石引2-8-3
2591,酒炭酸,さけたんさん,福光屋,石川県,金沢市,石川県金沢市石引2-8-3
1057,黒帯,くろおび,福光屋,石川県,金沢市,石川県金沢市石引2-8-3
2587,鏡花,きょうか,福光屋,石川県,金沢市,石川県金沢市石引2-8-3
2586,風よ水よ人よ,かぜよみずよひとよ,福光屋,石川県,金沢市,石川県金沢市石引2-8-3
2589,初心,はつごころ,福光屋,石川県,金沢市,石川県金沢市石引2-8-3
2590,百々登勢,ももとせ,福光屋,石川県,金沢市,石川県金沢市石引2-8-3
648,獅子の里,ししのさと,松浦酒造,石川県,加賀市,石川県加賀市山中温泉冨士見町オ50
1539,大日盛,だいにちざかり,橋本酒造,石川県,加賀市,石川県加賀市動橋町イ184
3666,富樫の仁,とがしのじん,橋本酒造,石川県,加賀市,石川県加賀市動橋町イ184
2598,十代目,じゅうだいめ,橋本酒造,石川県,加賀市,石川県加賀市動橋町イ184
2656,益荒男,ますらお,鹿野酒造,石川県,加賀市,石川県加賀市八日市町イ6
647,常きげん,じょうきげん,鹿野酒造,石川県,加賀市,石川県加賀市八日市町イ6
1759,神泉,しんせん,東酒造,石川県,小松市,石川県小松市野田町丁35
3917,農口尚彦研究所,のぐちなおひこけんきゅうしょ,農口尚彦研究所,石川県,小松市,石川県小松市観音下町ワ1番1https://noguchi-naohiko.co.jp/
2593,金紋,きんもん,西出酒造,石川県,小松市,石川県小松市下粟津町ろ24
2970,春心,はるごころ,西出酒造,石川県,小松市,石川県小松市下粟津町ろ24
2972,シラヤマフウロ,しらやまふうろ,西出酒造,石川県,小松市,石川県小松市下粟津町ろ24
2971,裕恒,ひろひさ,西出酒造,石川県,小松市,石川県小松市下粟津町ろ24
2654,加賀ノ月,かがのつき,加越,石川県,小松市,石川県小松市今江町9-605
2655,酒峰加越,しゅほうかえつ,加越,石川県,小松市,石川県小松市今江町9-605
644,関白,かんぱく,加越,石川県,小松市,石川県小松市今江町9-605
2594,菊鶴,きくつる,手塚酒造場,石川県,小松市,石川県小松市串町庚7
2597,御幸誉,みゆきのほまれ,手塚酒造場,石川県,小松市,石川県小松市串町庚7
2830,弁慶,べんけい,農口酒造,石川県,能美市,石川県能美市末寺町イ42
2788,農口,のぐち,農口酒造,石川県,能美市,石川県能美市末寺町イ42
2829,勧進帳,かんじんちょう,農口酒造,石川県,能美市,石川県能美市末寺町イ42
1056,福の宮,ふくのみや,宮本酒造店,石川県,能美市,石川県能美市宮竹町イ74
645,夢醸,むじょう,宮本酒造店,石川県,能美市,石川県能美市宮竹町イ74
636,天狗舞,てんぐまい,車多酒造,石川県,白山市,石川県白山市坊丸町60-1
1340,五凜,ごりん,車多酒造,石川県,白山市,石川県白山市坊丸町60-1
2853,吉田蔵,よしだぐら,吉田酒造店,石川県,白山市,石川県白山市安吉町41
2854,You / U,ゆう,吉田酒造店,石川県,白山市,石川県白山市安吉町41
3645,友白髪,ともしらが,吉田酒造店,石川県,白山市,石川県白山市安吉町41
3220,いきな女,いきなおんな,吉田酒造店,石川県,白山市,石川県白山市安吉町41
642,手取川,,吉田酒造店,石川県,白山市,石川県白山市安吉町41
3662,北美雪,きたみゆき,金谷酒造店,石川県,白山市,石川県白山市安田町3-2
3642,友白髪,ともしらが,金谷酒造店,石川県,白山市,石川県白山市安田町3-2
2592,高砂,たかさご,金谷酒造店,石川県,白山市,石川県白山市安田町3-2
650,天平,てんぺい,布施酒造店,石川県,七尾市,石川県七尾市三島町52-2
1652,谷泉,たにいずみ,鶴野酒造店,石川県,鳳珠郡,石川県鳳珠郡能登町鵜川19-64
2767,閃,せん,数馬酒造,石川県,鳳珠郡,石川県鳳珠郡能登町宇出津ヘ36
3573,Chikuha N,ちくは えぬ,数馬酒造,石川県,鳳珠郡,石川県鳳珠郡能登町宇出津ヘ36
3380,NOTO,のと,数馬酒造,石川県,鳳珠郡,石川県鳳珠郡能登町宇出津ヘ36
654,竹葉,ちくは,数馬酒造,石川県,鳳珠郡,石川県鳳珠郡能登町宇出津ヘ36
3799,能登起舟,のときしゅう,松波酒造,石川県,鳳珠郡,石川県鳳珠郡能登町松波30-114
2036,大江山,おおえやま,松波酒造,石川県,鳳珠郡,石川県鳳珠郡能登町松波30-114
3800,つづらの波,つづらのなみ,松波酒造,石川県,鳳珠郡,石川県鳳珠郡能登町松波30-114
1659,初桜,はつさくら,櫻田酒造,石川県,珠洲市,石川県珠洲市蛸島町ソ93
1660,大慶,たいけい,櫻田酒造,石川県,珠洲市,石川県珠洲市蛸島町ソ93
1055,宗玄,そうげん,宗玄酒造,石川県,珠洲市,石川県珠洲市宝立町宗玄24-22
659,能登亀泉,のとかめいずみ,中野酒造,石川県,輪島市,石川県輪島市門前町広瀬ニ5-2
3120,白鳳,はくほう,沢田酒造店,石川県,輪島市,石川県輪島市門前町門前1974
3118,つばさ,つばさ,沢田酒造店,石川県,輪島市,石川県輪島市門前町門前1974
3117,能登のおやじ,のとのおやじ,沢田酒造店,石川県,輪島市,石川県輪島市門前町門前1974
658,ささのつゆ,ささのつゆ,日吉酒造店,石川県,輪島市,石川県輪島市河井町2-27-1
656,金瓢白駒,きんぴょうしらこま,日吉酒造店,石川県,輪島市,石川県輪島市河井町2-27-1
657,おれの酒,おれのさけ,日吉酒造店,石川県,輪島市,石川県輪島市河井町2-27-1
653,能登誉,のとほまれ,清水酒造店,石川県,輪島市,石川県輪島市河井町1-18-1
2850,寧音,ねね,白藤酒造店,石川県,輪島市,石川県輪島市鳳至町上町24
655,奥能登の白菊,おくのとのしらぎく,白藤酒造店,石川県,輪島市,石川県輪島市鳳至町上町24
652,杜夢,とむ,中島酒造店,石川県,輪島市,石川県輪島市鳳至町稲荷町8
651,能登末廣,のとすえひろ,中島酒造店,石川県,輪島市,石川県輪島市鳳至町稲荷町8
2600,若緑,わかみどり,中納酒造,石川県,輪島市,石川県輪島市町野町寺山3-42
2581,長生舞,ちょうせいまい,久世酒造店,石川県,河北郡,石川県河北郡津幡町清水イ122
2582,能登路,のとじ,久世酒造店,石川県,河北郡,石川県河北郡津幡町清水イ122
2599,朱鷺の里,ときのさと,見砂酒造,石川県,羽咋郡,石川県羽咋郡宝達志水町宿4-43
1300,遊穂,ゆうほ,御祖酒造,石川県,羽咋市,石川県羽咋市大町イ8
1299,ほまれ,ほまれ,御祖酒造,石川県,羽咋市,石川県羽咋市大町イ8
649,池月,いけづき,鳥屋酒造,石川県,鹿島郡,石川県鹿島郡中能登町一青ケ96
1513,舞美人,まいびじん,美川酒造場,福井県,福井市,福井県福井市小稲津町36-15
1791,一期一会,いちごいちえ,越の磯,福井県,福井市,福井県福井市大宮5-8-25
1793,越前忘憂,えちぜんぼうゆう,越の磯,福井県,福井市,福井県福井市大宮5-8-25
1794,刻がさね,ときがさね,越の磯,福井県,福井市,福井県福井市大宮5-8-25
1790,越の磯,こしのいそ,越の磯,福井県,福井市,福井県福井市大宮5-8-25
3692,春夏秋雪 越前,しゅんかしゅうせつ,越の磯,福井県,福井市,福井県福井市大宮5-8-25
1792,無の心,むのこころ,越の磯,福井県,福井市,福井県福井市大宮5-8-25
1064,菊桂,きくかつら,菊桂酒造,福井県,福井市,福井県福井市照手2-2-19
666,富久駒,ふくこま,久保田酒造,福井県,坂井市,福井県坂井市丸岡町山久保27-45
1859,若鹿,わかしか,舟木酒造,福井県,福井市,福井県福井市大和田町46-3-1
1857,北の庄,きたのしょう,舟木酒造,福井県,福井市,福井県福井市大和田町46-3-1
1858,富成喜,ふなき,舟木酒造,福井県,福井市,福井県福井市大和田町46-3-1
663,常山,じょうざん,常山酒造,福井県,福井市,福井県福井市御幸1-19-10
1339,越山若水,えつざんじゃくすい,常山酒造,福井県,福井市,福井県福井市御幸1-19-10
1856,羽二重正宗,はぶたえまさむね,常山酒造,福井県,福井市,福井県福井市御幸1-19-10
667,黒龍,こくりゅう,黒龍酒造,福井県,吉田郡,福井県吉田郡永平寺町松岡春日1-38
3311,九頭龍,くずりゅう,黒龍酒造,福井県,吉田郡,福井県吉田郡永平寺町松岡春日1-38
2827,優勝,ゆうしょう,田邊酒造,福井県,吉田郡,福井県吉田郡永平寺町松岡芝原2-24
1714,越前岬,えちぜんみさき,田邊酒造,福井県,吉田郡,福井県吉田郡永平寺町松岡芝原2-24
1288,白龍,はくりゅう,吉田酒造,福井県,吉田郡,福井県吉田郡永平寺町北島7-22
1290,旭泉,あさいずみ,吉田酒造,福井県,吉田郡,福井県吉田郡永平寺町北島7-22
1289,四季物語,しきものがたり,吉田酒造,福井県,吉田郡,福井県吉田郡永平寺町北島7-22
2822,紗利,さり,毛利酒造,福井県,福井市,福井県福井市東郷二ヶ町36-29
2602,越の桂月,こしのけいげつ,毛利酒造,福井県,福井市,福井県福井市東郷二ヶ町36-29
1059,越前屋安兵衛,,安本酒造,福井県,福井市,福井県福井市安原町7-4
1058,雪中花,せっちゅうか,安本酒造,福井県,福井市,福井県福井市安原町7-4
1061,白岳仙,はくがくせん,安本酒造,福井県,福井市,福井県福井市安原町7-4
1060,秘蔵,,安本酒造,福井県,福井市,福井県福井市安原町7-4
2603,国府司,こくふし,安本酒造,福井県,福井市,福井県福井市安原町7-4
1719,明乃鶴,あけのつる,力泉酒造,福井県,福井市,福井県福井市島山梨子20-10
2601,粋星,いきぼし,伊藤酒造,福井県,福井市,福井県福井市江上町44-65
1658,越の鷹,こしのたか,伊藤酒造,福井県,福井市,福井県福井市江上町44-65
665,明星,みょうじょう,吉田金右衛門商店,福井県,福井市,福井県福井市佐野町21-81
664,雲乃井,くものい,吉田金右衛門商店,福井県,福井市,福井県福井市佐野町21-81
1602,天津神力,あまつしんりき,西岡河村酒造,福井県,福井市,福井県福井市甑谷町1-1
113,月丸,つきまる,西岡河村酒造,福井県,福井市,福井県福井市甑谷町1-1
2934,天乃姫,あまのひめ,西岡河村酒造,福井県,福井市,福井県福井市甑谷町1-1
2933,谷の井,たにのい,西岡河村酒造,福井県,福井市,福井県福井市甑谷町1-1
2932,一富士,いちふじ,西岡河村酒造,福井県,福井市,福井県福井市甑谷町1-1
1128,吉野盛,よしのざかり,中村酒造,福井県,勝山市,福井県勝山市
672,伝心,でんしん,一本義久保本店,福井県,勝山市,福井県勝山市
1083,一本義,いっぽんぎ,一本義久保本店,福井県,勝山市,福井県勝山市
1715,宇治川,うじがわ,佐々木酒造,福井県,勝山市,福井県勝山市
668,一乃谷,いちのたに,宇野酒造場,福井県,大野市,福井県大野市本町3-4
669,源平,げんぺい,源平酒造,福井県,大野市,福井県大野市要町1-33
670,花垣,はながき,南部酒造場,福井県,大野市,福井県大野市元町6-10
671,真名鶴,まなつる,真名鶴酒造,福井県,大野市,福井県大野市明倫町11-3
1484,福寿杯,ふくじゅはい,敦賀酒造,福井県,敦賀市,福井県敦賀市相生町21-10
1560,寿喜娘,すきむすめ,寿喜娘酒造,福井県,越前市,福井県越前市
1559,三田村,みたむら,寿喜娘酒造,福井県,越前市,福井県越前市
1713,一献の春,いっこんのはる,タナベ,福井県,越前市,福井県越前市家久町89-22
1721,関西,かんさい,片山酒造,福井県,越前市,福井県越前市余田町51-18
674,梵,ぼん,加藤吉平商店,福井県,鯖江市,福井県鯖江市吉江町1-11
1730,黄金宝船,おうごんたからぶね,金鱗酒造,福井県,鯖江市,福井県鯖江市舟枝町5-14
1726,七ツ星,ななつぼし,井波酒造,福井県,鯖江市,福井県鯖江市有定町1-1-22
1720,華燭,かしょく,豊酒造,福井県,鯖江市,福井県鯖江市下野田町38-70
1722,飛鳥井,あすかい,丹生酒造,福井県,丹生郡,福井県丹生郡越前町天王18-3
1723,富士の関,ふじのせき,朝日酒造,福井県,丹生郡,福井県丹生郡越前町西田中11-53
3097,稚桜,わかさくら,わかさ冨士,福井県,小浜市,福井県小浜市
3098,岳颪,やまおろし,わかさ冨士,福井県,小浜市,福井県小浜市
677,わかさ,わかさ,わかさ冨士,福井県,小浜市,福井県小浜市
3725,わかさ,わかさ,小浜酒造,福井県,小浜市,福井県小浜市中井18-34
1716,若狭井,わかさい,若狭井酒造,福井県,小浜市,福井県小浜市
1717,華州,かしゅう,増永酒造,福井県,福井市,福井県福井市
662,福千歳,ふくちとせ,田嶋酒造,福井県,福井市,福井県福井市桃園1-3-10
661,小春日和,こはるびより,池田酒造,福井県,福井市,福井県福井市本堂町70-1
660,天下取,てんかとり,池田酒造,福井県,福井市,福井県福井市本堂町70-1
673,聖乃御代,ひじりのみよ,北善商店,福井県,南条郡,福井県南条郡南越前町今庄81-3
2604,鳴り瓢,なりひさご,堀口酒造,福井県,南条郡,福井県南条郡南越前町今庄76-1-2
1728,百貴船,ももきぶね,畠山酒造,福井県,南条郡,福井県南条郡南越前町今庄109-14
1729,雪きらら,ゆききらら,畠山酒造,福井県,南条郡,福井県南条郡南越前町今庄109-14
1727,白駒,はくこま,白駒酒造,福井県,南条郡,福井県南条郡南越前町今庄82-24
1718,福喜久,ふくきく,坪三酒造,福井県,坂井市,福井県坂井市春江町高江24-38
3064,越乃泉,こしのいずみ,越前酒造,福井県,あわら市,福井県あわら市北5-86
675,早瀬浦,はやせうら,三宅彦右衛門酒造,福井県,三方郡,福井県三方郡美浜町早瀬21-7
676,若狭菊,わかさきく,若狭菊酒造,福井県,三方郡,福井県三方郡
1485,加茂栄,かもさかえ,鳥浜酒造,福井県,三方上中郡,福井県三方上中郡若狭町鳥浜59-30
2606,若狭自慢,わかさじまん,鳥浜酒造,福井県,三方上中郡,福井県三方上中郡若狭町鳥浜59-30
2605,鳥浜,,鳥浜酒造,福井県,三方上中郡,福井県三方上中郡若狭町鳥浜59-30
1609,白隠正宗,はくいんまさむね,高嶋酒造,静岡県,沼津市,静岡県沼津市原354-1
3509,鶴生,かくせい,万大醸造,静岡県,伊豆市,静岡県伊豆市年川34
3821,天城隧道,あまぎずいどう,万大醸造,静岡県,伊豆市,静岡県伊豆市年川34
721,下田美人,しもだびじん,万大醸造,静岡県,伊豆市,静岡県伊豆市年川34
719,あらばしり,あらばしり,万大醸造,静岡県,伊豆市,静岡県伊豆市年川34
720,萬燿,ばんよう,万大醸造,静岡県,伊豆市,静岡県伊豆市年川34
2210,脇田屋,わきたや,万大醸造,静岡県,伊豆市,静岡県伊豆市年川34
3506,伊豆の里,いずのさと,万大醸造,静岡県,伊豆市,静岡県伊豆市年川34
3507,豊楽,ほうらく,万大醸造,静岡県,伊豆市,静岡県伊豆市年川34
3508,大沢里,おおそうり,万大醸造,静岡県,伊豆市,静岡県伊豆市年川34
2026,金明,きんめい,根上酒造店,静岡県,御殿場市,静岡県御殿場市保土沢850-4
3731,裏高砂,うらたかさご,富士高砂酒造,静岡県,富士宮市,静岡県富士宮市宝町9-25
1246,駿州中屋,すんしゅうなかや,富士高砂酒造,静岡県,富士宮市,静岡県富士宮市宝町9-25
1247,琉の扇,りゅうのおうぎ,富士高砂酒造,静岡県,富士宮市,静岡県富士宮市宝町9-25
1245,高砂,たかさご,富士高砂酒造,静岡県,富士宮市,静岡県富士宮市宝町9-25
1919,富士正,ふじまさ,富士正酒造,静岡県,富士宮市,静岡県富士宮市根原450-1
1918,千代の峯,ちよのみね,富士正酒造,静岡県,富士宮市,静岡県富士宮市根原450-1
1916,白糸,しらいと,牧野酒造,静岡県,富士宮市,静岡県富士宮市下条1037
1917,富士山,ふじさん,牧野酒造,静岡県,富士宮市,静岡県富士宮市下条1037
1287,下田富士,しもだふじ,富士錦酒造,静岡県,富士宮市,静岡県富士宮市上柚野532
3314,あたみ,あたみ,富士錦酒造,静岡県,富士宮市,静岡県富士宮市上柚野532
1248,富士錦,ふじにしき,富士錦酒造,静岡県,富士宮市,静岡県富士宮市上柚野532
2027,君盃,くんぱい,君盃酒造,静岡県,静岡市駿河区,静岡県静岡市駿河区手越302
2032,喜平,きへい,静岡平喜酒造,静岡県,静岡市駿河区,静岡県静岡市駿河区丸子新田1-1
3336,享和東鶴,きょうわあずまづる,多々良酒造場,静岡県,焼津市,静岡県焼津市
728,初亀,はつかめ,初亀醸造,静岡県,藤枝市,静岡県藤枝市岡部町岡部744
716,満寿一,ますいち,満寿一酒造,静岡県,静岡市,静岡県静岡市
1387,英君,えいくん,英君酒造,静岡県,静岡市,静岡県静岡市清水区由比入山2152
3500,天満月,あまみつき,神沢川酒造場,静岡県,静岡市,静岡県静岡市清水区由比181
2978,呂,ろ,神沢川酒造場,静岡県,静岡市,静岡県静岡市清水区由比181
1102,正雪,しょうせつ,神沢川酒造場,静岡県,静岡市,静岡県静岡市清水区由比181
715,萩錦,はぎにしき,萩錦酒造,静岡県,静岡市駿河区,静岡県静岡市駿河区西脇381
2029,萩の蔵,はぎのくら,駿河酒造場,静岡県,静岡市駿河区,静岡県静岡市駿河区西脇25-1
2030,天虹,てんこう,駿河酒造場,静岡県,静岡市駿河区,静岡県静岡市駿河区西脇25-1
2928,道草吉宗,みちくさよしむね,駿河酒造場,静岡県,静岡市駿河区,静岡県静岡市駿河区西脇25-1
2031,忠正,ちゅうまさ,駿河酒造場,静岡県,静岡市駿河区,静岡県静岡市駿河区西脇25-1
3229,鞠子の宿,まりこのしゅく,駿河酒造場,静岡県,静岡市駿河区,静岡県静岡市駿河区西脇25-1
2028,曽我鶴,そがつる,駿河酒造場,静岡県,静岡市駿河区,静岡県静岡市駿河区西脇25-1
717,静ごころ,しずごころ,三和酒造,静岡県,静岡市清水区,静岡県静岡市清水区西久保501-10
2619,羽衣の舞,はごろものまい,三和酒造,静岡県,静岡市清水区,静岡県静岡市清水区西久保501-10
718,臥龍梅,がりゅうばい,三和酒造,静岡県,静岡市清水区,静岡県静岡市清水区西久保501-10
725,磯自慢,いそじまん,磯自慢酒造,静岡県,焼津市,静岡県焼津市鰯ヶ島307
724,杉錦,すぎにしき,杉井酒造,静岡県,藤枝市,静岡県藤枝市小石川町4-6-4
722,喜久酔,,青島酒造,静岡県,藤枝市,静岡県藤枝市上青島246
3334,士魂,しこん,岩本酒造,静岡県,藤枝市,静岡県藤枝市
3335,松若緑,まつわかみどり,岩本酒造,静岡県,藤枝市,静岡県藤枝市
2980,シダ シードル,しだ しーどる,志太泉酒造,静岡県,藤枝市,静岡県藤枝市宮原423-22-1
3505,身上起,しんしょうおこし,志太泉酒造,静岡県,藤枝市,静岡県藤枝市宮原423-22-1
723,志太泉,しだいずみ,志太泉酒造,静岡県,藤枝市,静岡県藤枝市宮原423-22-1
727,おんな泣かせ,おんななかせ,大村屋酒造場,静岡県,島田市,静岡県島田市本通1-1-8
2752,鬼乙女,おにおとめ,大村屋酒造場,静岡県,島田市,静岡県島田市本通1-1-8
726,若竹,わかたけ,大村屋酒造場,静岡県,島田市,静岡県島田市本通1-1-8
3689,浜名桜,はまなざくら,浜松酒造,静岡県,浜松市,静岡県浜松市天神町3-57
1227,出世城,しゅっせじょう,浜松酒造,静岡県,浜松市,静岡県浜松市天神町3-57
3256,Ten-Teki,てんてき,浜松酒造,静岡県,浜松市,静岡県浜松市天神町3-57
1593,花の舞,はなのまい,花の舞酒造,静岡県,浜松市,静岡県浜松市浜北区宮口632
1573,国香,,国香酒造,静岡県,袋井市,静岡県袋井市山田537
731,葵天下,あおいてんか,山中酒造,静岡県,掛川市,静岡県掛川市横須賀61
729,開運,かいうん,土井酒造場,静岡県,掛川市,静岡県掛川市小貫633
3213,あさば一万石,あさばいちまんごく,土井酒造場,静岡県,掛川市,静岡県掛川市小貫633
3358,高天神,たかてんじん,土井酒造場,静岡県,掛川市,静岡県掛川市小貫633
3359,遠州灘,えんしゅうなだ,土井酒造場,静岡県,掛川市,静岡県掛川市小貫633
3214,御日待家,おひまちや,土井酒造場,静岡県,掛川市,静岡県掛川市小貫633
1224,熊鯨,くまくじら,土井酒造場,静岡県,掛川市,静岡県掛川市小貫633
2035,鷹松,たかまつ,石川酒造,静岡県,御前崎市,静岡県御前崎市合戸1319
2927,今の浦,いまのうら,千寿酒造,静岡県,磐田市,静岡県磐田市中泉2914-6
2033,千寿,せんじゅ,千寿酒造,静岡県,磐田市,静岡県磐田市中泉2914-6
730,小夜衣,さよごろも,森本酒造,静岡県,菊川市,静岡県菊川市堀之内1477
2620,Ｈ．森本,もりもと,森本酒造,静岡県,菊川市,静岡県菊川市堀之内1477
2034,松若,まつわか,白松酒造,静岡県,菊川市,静岡県菊川市加茂750
678,日の出鶴,ひのでつる,足立酒造,岐阜県,岐阜市,岐阜県岐阜市琴塚3-21-10
679,金華山,きんかざん,足立酒造,岐阜県,岐阜市,岐阜県岐阜市琴塚3-21-10
1541,濃姫,のうひめ,日本泉酒造,岐阜県,岐阜市,岐阜県岐阜市加納清水町3-8-2
1542,織田信長,おだのぶなが,日本泉酒造,岐阜県,岐阜市,岐阜県岐阜市加納清水町3-8-2
2773,撫瓜,なでか,日本泉酒造,岐阜県,岐阜市,岐阜県岐阜市加納清水町3-8-2
1540,日本泉,にほんいずみ,日本泉酒造,岐阜県,岐阜市,岐阜県岐阜市加納清水町3-8-2
2909,豊臣秀吉,とよとみひでよし,日本泉酒造,岐阜県,岐阜市,岐阜県岐阜市加納清水町3-8-2
3373,根尾泉,ねおいずみ,柴田酒造,岐阜県,本巣郡,岐阜県本巣郡北方町北方1512
1769,杉乃井,すぎのい,杉原酒造,岐阜県,揖斐郡,岐阜県揖斐郡大野町下磯1
1768,射美,いび,杉原酒造,岐阜県,揖斐郡,岐阜県揖斐郡大野町下磯1
1700,揖斐川,いびがわ,杉原酒造,岐阜県,揖斐郡,岐阜県揖斐郡大野町下磯1
1699,千代乃花,ちよのはな,杉原酒造,岐阜県,揖斐郡,岐阜県揖斐郡大野町下磯1
1108,房島屋,ぼうじまや,所酒造,岐阜県,揖斐郡,岐阜県揖斐郡揖斐川町三輪537-1
1109,揖斐の蔵,いびのくら,所酒造,岐阜県,揖斐郡,岐阜県揖斐郡揖斐川町三輪537-1
688,富久若松,ふくわかまつ,池田屋酒造,岐阜県,揖斐郡,岐阜県揖斐郡揖斐川町三輪612-1
689,甕口,かめぐち,池田屋酒造,岐阜県,揖斐郡,岐阜県揖斐郡揖斐川町三輪612-1
680,達磨正宗,だるままさむね,白木恒助商店,岐阜県,岐阜市,岐阜県岐阜市門屋門61
695,睦鳥,むつみどり,松井屋酒造場,岐阜県,加茂郡,岐阜県加茂郡富加町加治田688-2
694,加治田城,かじたじょう,松井屋酒造場,岐阜県,加茂郡,岐阜県加茂郡富加町加治田688-2
693,半布里戸籍,はぶりこせき,松井屋酒造場,岐阜県,加茂郡,岐阜県加茂郡富加町加治田688-2
1968,百春,ひゃくしゅん,小坂酒造場,岐阜県,美濃市,岐阜県美濃市相生町2267
2943,さんやほう,さんやほう,小坂酒造場,岐阜県,美濃市,岐阜県美濃市相生町2267
2056,積翠,せきすい,平野本店,岐阜県,郡上市,岐阜県郡上市八幡町本町865-1
3160,郡上一揆,ぐじょういっき,平野醸造,岐阜県,郡上市,岐阜県郡上市大和町徳永164
3159,八竹,やっちく,平野醸造,岐阜県,郡上市,岐阜県郡上市大和町徳永164
2054,母情,ぼじょう,平野醸造,岐阜県,郡上市,岐阜県郡上市大和町徳永164
2055,一豊の妻,かずとよのつま,平野醸造,岐阜県,郡上市,岐阜県郡上市大和町徳永164
3161,郡上おどり,ぐじょうおどり,平野醸造,岐阜県,郡上市,岐阜県郡上市大和町徳永164
2051,元文,げんぶん,原酒造場,岐阜県,郡上市,岐阜県郡上市白鳥町白鳥991
2610,美笠万代,みかさばんだい,久納酒造,岐阜県,羽島郡,岐阜県羽島郡笠松町下本町59
2043,千代菊,ちよぎく,千代菊,岐阜県,羽島市,岐阜県羽島市竹鼻町2733
2044,光琳,こうりん,千代菊,岐阜県,羽島市,岐阜県羽島市竹鼻町2733
2611,泉松竹,いずみしょうちく,林彰一郎商店,岐阜県,羽島市,岐阜県羽島市上中町沖1493
685,美濃錦,みのにしき,渡辺酒造醸,岐阜県,大垣市,岐阜県大垣市林町8-1126
687,覚眠森水酒,かくみんしんすいしゅ,渡辺酒造醸,岐阜県,大垣市,岐阜県大垣市林町8-1126
686,白雪姫,しらゆきひめ,渡辺酒造醸,岐阜県,大垣市,岐阜県大垣市林町8-1126
1797,大輪,たいりん,吉田合資,岐阜県,安八郡,岐阜県安八郡
1677,大垣城,おおがきじょう,武内酒造,岐阜県,大垣市,岐阜県大垣市伝馬町1
3372,大輪,たいりん,武内酒造,岐阜県,大垣市,岐阜県大垣市伝馬町1
2613,御幸鶴,みゆきつる,武内酒造,岐阜県,大垣市,岐阜県大垣市伝馬町1
1100,美濃紅梅,みのこうばい,武内酒造,岐阜県,大垣市,岐阜県大垣市伝馬町1
2612,平成菊,へいせいぎく,武内酒造,岐阜県,大垣市,岐阜県大垣市伝馬町1
3234,一滴千山,いってきせんざん,武内酒造,岐阜県,大垣市,岐阜県大垣市伝馬町1
2614,兄花,このはな,武内酒造,岐阜県,大垣市,岐阜県大垣市伝馬町1
3236,バロン鉄心,ばろんてっしん,三輪酒造,岐阜県,大垣市,岐阜県大垣市船町4-48
684,道三吟雪花,どうさんぎんせっか,三輪酒造,岐阜県,大垣市,岐阜県大垣市船町4-48
683,白川郷,しらかわごう,三輪酒造,岐阜県,大垣市,岐阜県大垣市船町4-48
690,美濃菊,みのぎく,玉泉堂酒造,岐阜県,養老郡,岐阜県養老郡養老町高田800-3